event_pk,rn,date,work_area,organization,survey,sampling_bout,site,hakai_id,source,lat,long,line_out_depth,filter_type,volume,no2_no3_um,no2_no3_units,po4,sio2
279943,1,2017-05-03,CALVERT,HAKAI,QCS_V1,1,QCS01,NUT8412,M,51.705,-128.2384,0,0.45nm,13,0.273272739,uM,0.071052755,3.946972947
279943,1,2017-05-03,CALVERT,HAKAI,QCS_V1,1,QCS01,NUT8413,M,51.705,-128.2384,5,0.45nm,13,0.354315714,uM,0.127753255,3.992483722
279943,1,2017-05-03,CALVERT,HAKAI,QCS_V1,1,QCS01,NUT8414,M,51.705,-128.2384,10,0.45nm,13,0.502730138,uM,0.119571272,4.068711303
279943,1,2017-05-03,CALVERT,HAKAI,QCS_V1,1,QCS01,NUT8415,M,51.705,-128.2384,20,0.45nm,13,0.39681494,uM,0.100036681,3.870456698
279943,1,2017-05-03,CALVERT,HAKAI,QCS_V1,1,QCS01,NUT8416,M,51.705,-128.2384,30,0.45nm,13,0.449272891,uM,0.134137339,3.914975492
279943,1,2017-05-03,CALVERT,HAKAI,QCS_V1,1,QCS01,NUT8417,M,51.705,-128.2384,50,0.45nm,13,1.499020984,uM,0.256150925,5.4060551
279943,1,2017-05-03,CALVERT,HAKAI,QCS_V1,1,QCS01,NUT8418,M,51.705,-128.2384,100,0.45nm,13,8.331700456,uM,0.70499039,12.41955563
279943,1,2017-05-03,CALVERT,HAKAI,QCS_V1,1,QCS01,NUT8419,M,51.705,-128.2384,115,0.45nm,13,10.52839136,uM,0.847235832,13.9296262
280318,1,2017-05-05,CALVERT,HAKAI,KWAK_PP,1,PRUTH,NUT8420,M,51.6554,-128.0913,0,0.45nm,13,1.472529959,uM,0.239,6.955578564
280318,1,2017-05-05,CALVERT,HAKAI,KWAK_PP,1,PRUTH,NUT8421,M,51.6554,-128.0913,5,0.45nm,13,2.140069684,uM,0.348,7.728872049
280318,1,2017-05-05,CALVERT,HAKAI,KWAK_PP,1,PRUTH,NUT8422,M,51.6554,-128.0913,10,0.45nm,13,2.900020739,uM,0.389,8.113050312
280318,1,2017-05-05,CALVERT,HAKAI,KWAK_PP,1,PRUTH,NUT8423,M,51.6554,-128.0913,20,0.45nm,13,3.01800288,uM,0.455,8.614064139
280318,1,2017-05-05,CALVERT,HAKAI,KWAK_PP,1,PRUTH,NUT8424,M,51.6554,-128.0913,30,0.45nm,13,3.476380639,uM,0.46,9.225824006
280346,1,2017-05-06,CALVERT,HAKAI,QCS_V2,2,NBCH01,NUT8432,M,51.6678,-128.1433,0,0.45nm,13,1.145125361,uM,0.219373395,5.9822936
280348,1,2017-05-06,CALVERT,HAKAI,QCS_V2,2,WBCH01,NUT8437,M,51.6535,-128.1493,0,0.45nm,13,0.687080324,uM,0.216853596,5.992638706
280346,1,2017-05-06,CALVERT,HAKAI,QCS_V2,2,NBCH01,NUT8433,M,51.6678,-128.1433,5,0.45nm,13,1.043888874,uM,0.246530363,5.713733655
280348,1,2017-05-06,CALVERT,HAKAI,QCS_V2,2,WBCH01,NUT8438,M,51.6535,-128.1493,5,0.45nm,13,1.078334207,uM,0.220840961,6.053306391
280346,1,2017-05-06,CALVERT,HAKAI,QCS_V2,2,NBCH01,NUT8434,M,51.6678,-128.1433,10,0.45nm,13,1.277646376,uM,0.268511232,6.081131852
374105,1,2017-05-11,CALVERT,HAKAI,ROCKY,1,ROCKY02,NUT7688,M,,,0,0.45nm,13,0.207250752,uM,0.724911898,9.810411009
374108,1,2017-05-12,CALVERT,HAKAI,ROCKY,1,ROCKY06,NUT7689,M,,,0,0.45nm,13,0.040632691,uM,0.267322128,3.544602781
374112,1,2017-05-14,CALVERT,HAKAI,ROCKY,1,ROCKY05,NUT7686,M,,,0,0.45nm,13,0.673335205,uM,0.259394948,2.78664377
293623,1,2017-05-18,CALVERT,HAKAI,KWAK_PP,1,PRUTH,NUT8460,M,51.6554,-128.0913,0,0.45nm,13,0.022755535,uM,0,1.142864012
293623,1,2017-05-18,CALVERT,HAKAI,KWAK_PP,1,PRUTH,NUT8461,M,51.6554,-128.0913,5,0.45nm,13,1.974231155,uM,0.240179475,6.399362773
293623,1,2017-05-18,CALVERT,HAKAI,KWAK_PP,1,PRUTH,NUT8462,M,51.6554,-128.0913,10,0.45nm,13,5.292862127,uM,0.542432663,10.54685064
293623,1,2017-05-18,CALVERT,HAKAI,KWAK_PP,1,PRUTH,NUT8463,M,51.6554,-128.0913,20,0.45nm,13,7.708683254,uM,0.795999519,14.87814694
293623,1,2017-05-18,CALVERT,HAKAI,KWAK_PP,1,PRUTH,NUT8464,M,51.6554,-128.0913,30,0.45nm,13,10.77654173,uM,1.028163877,19.04187902
293623,1,2017-05-18,CALVERT,HAKAI,KWAK_PP,1,PRUTH,NUT8465,M,51.6554,-128.0913,40,0.45nm,13,13.48814472,uM,1.137757531,22.40378745
293623,1,2017-05-18,CALVERT,HAKAI,KWAK_PP,1,PRUTH,NUT8466,M,51.6554,-128.0913,50,0.45nm,13,15.32065889,uM,1.204444584,25.42777347
293623,1,2017-05-18,CALVERT,HAKAI,KWAK_PP,1,PRUTH,NUT8467,M,51.6554,-128.0913,60,0.45nm,13,18.21463971,uM,1.427911496,30.90150697
374115,1,2017-05-19,CALVERT,HAKAI,ROCKY,1,ROCKY04,NUT7698,M,,,0,0.45nm,13,0.319167182,uM,0.289433024,3.838533833
293863,1,2017-05-25,CALVERT,HAKAI,KWAK_PP,1,PRUTH,NUT8502,M,51.6554,-128.0913,0,0.45nm,13,0.899738639,uM,0.145711562,3.817647464
293863,1,2017-05-25,CALVERT,HAKAI,KWAK_PP,1,PRUTH,NUT8503,M,51.6554,-128.0913,5,0.45nm,13,1.552524403,uM,0.191791648,4.688894366
293863,1,2017-05-25,CALVERT,HAKAI,KWAK_PP,1,PRUTH,NUT8504,M,51.6554,-128.0913,10,0.45nm,13,10.62410552,uM,0.921574181,17.61811743
293863,1,2017-05-25,CALVERT,HAKAI,KWAK_PP,1,PRUTH,NUT8505,M,51.6554,-128.0913,20,0.45nm,13,15.81888805,uM,1.205951112,25.15206787
293863,1,2017-05-25,CALVERT,HAKAI,KWAK_PP,1,PRUTH,NUT8506,M,51.6554,-128.0913,30,0.45nm,13,16.94092002,uM,1.332334509,26.51437511
294183,1,2017-05-27,CALVERT,HAKAI,QCS_V1,2,QCS01,NUT8507,M,51.705,-128.2384,0,0.45nm,13,11.32106265,uM,0.924,22.14196886
294183,1,2017-05-27,CALVERT,HAKAI,QCS_V1,2,QCS01,NUT8508,M,51.705,-128.2384,5,0.45nm,13,11.36444344,uM,0.963,19.50589718
294183,1,2017-05-27,CALVERT,HAKAI,QCS_V1,2,QCS01,NUT8509,M,51.705,-128.2384,10,0.45nm,13,10.0176208,uM,0.865891151,17.37486228
294183,1,2017-05-27,CALVERT,HAKAI,QCS_V1,2,QCS01,NUT8510,M,51.705,-128.2384,20,0.45nm,13,8.708753649,uM,0.794867042,15.31826619
294183,1,2017-05-27,CALVERT,HAKAI,QCS_V1,2,QCS01,NUT8511,M,51.705,-128.2384,30,0.45nm,13,6.011197703,uM,0.680368514,11.0631371
294183,1,2017-05-27,CALVERT,HAKAI,QCS_V1,2,QCS01,NUT8512,M,51.705,-128.2384,50,0.45nm,13,13.00347269,uM,1.105308772,21.22800226
294183,1,2017-05-27,CALVERT,HAKAI,QCS_V1,2,QCS01,NUT8513,M,51.705,-128.2384,100,0.45nm,13,20.3729223,uM,1.556188168,32.52836256
294183,1,2017-05-27,CALVERT,HAKAI,QCS_V1,2,QCS01,NUT8514,M,51.705,-128.2384,115,0.45nm,13,21.86226646,uM,1.683260558,33.68966441
294176,1,2017-05-28,CALVERT,HAKAI,QCS_V2,1,NBCH01,NUT8523,M,51.6678,-128.1433,0,0.45nm,13,2.874970137,uM,0.35452888,8.039522052
294179,1,2017-05-28,CALVERT,HAKAI,QCS_V2,1,WBCH01,NUT8530,M,51.6535,-128.1493,0,0.45nm,13,0.143365824,uM,0.136634227,1.929629743
294176,1,2017-05-28,CALVERT,HAKAI,QCS_V2,1,NBCH01,NUT8524,M,51.6678,-128.1433,5,0.45nm,13,3.836170135,uM,0.381053814,8.706678469
294179,1,2017-05-28,CALVERT,HAKAI,QCS_V2,1,WBCH01,NUT8531,M,51.6535,-128.1493,5,0.45nm,13,0.23897383,uM,0.160577454,2.188984305
294176,1,2017-05-28,CALVERT,HAKAI,QCS_V2,1,NBCH01,NUT8525,M,51.6678,-128.1433,10,0.45nm,13,5.74654386,uM,0.502915643,10.4456413
294642,1,2017-06-07,CALVERT,HAKAI,KWAK_PP,1,PRUTH,NUT8534,M,51.6554,-128.0913,0,0.45nm,13,0.082167518,uM,0.0001627,1.008982138
294642,1,2017-06-07,CALVERT,HAKAI,KWAK_PP,1,PRUTH,NUT8535,M,51.6554,-128.0913,5,0.45nm,13,,,,
294642,1,2017-06-07,CALVERT,HAKAI,KWAK_PP,1,PRUTH,NUT8536,M,51.6554,-128.0913,10,0.45nm,13,2.226504737,uM,0.28,3.556639697
294642,1,2017-06-07,CALVERT,HAKAI,KWAK_PP,1,PRUTH,NUT8537,M,51.6554,-128.0913,20,0.45nm,13,10.62161431,uM,0.971,16.98416773
294642,1,2017-06-07,CALVERT,HAKAI,KWAK_PP,1,PRUTH,NUT8538,M,51.6554,-128.0913,30,0.45nm,13,16.61821645,uM,1.393,27.53928478
294642,1,2017-06-07,CALVERT,HAKAI,KWAK_PP,1,PRUTH,NUT8539,M,51.6554,-128.0913,40,0.45nm,13,18.55340252,uM,1.382,31.28685147
294642,1,2017-06-07,CALVERT,HAKAI,KWAK_PP,1,PRUTH,NUT8540,M,51.6554,-128.0913,50,0.45nm,13,19.24583326,uM,1.579,32.74331822
294642,1,2017-06-07,CALVERT,HAKAI,KWAK_PP,1,PRUTH,NUT8541,M,51.6554,-128.0913,60,0.45nm,13,19.65169288,uM,1.645,33.99283934
374118,1,2017-06-07,CALVERT,HAKAI,ROCKY,1,ROCKY02,NUT7693,M,,,0,0.45nm,13,0.138869533,uM,0.278357524,4.000251021
374119,1,2017-06-08,CALVERT,HAKAI,ROCKY,1,ROCKY04,NUT7692,M,,,0,0.45nm,13,0.381352839,uM,0.24634248,5.392549377
374122,1,2017-06-09,CALVERT,HAKAI,ROCKY,1,ROCKY05,NUT7691,M,,,0,0.45nm,13,1.543894708,uM,0.232304521,6.469251631
295942,1,2017-06-12,CALVERT,HAKAI,QCS_V2,1,NBCH01,NUT8594,M,51.6678,-128.1433,0,0.45nm,13,2.379489945,uM,0.346,7.086003295
295940,1,2017-06-12,CALVERT,HAKAI,QCS_V2,1,WBCH01,NUT8599,M,51.6535,-128.1493,0,0.45nm,13,2.78340629,uM,0.373260779,7.026261599
295942,1,2017-06-12,CALVERT,HAKAI,QCS_V2,1,NBCH01,NUT8595,M,51.6678,-128.1433,5,0.45nm,13,5.467068321,uM,0.584,10.7265789
295940,1,2017-06-12,CALVERT,HAKAI,QCS_V2,1,WBCH01,NUT8600,M,51.6535,-128.1493,5,0.45nm,13,2.110737144,uM,0.381249162,6.546811071
295942,1,2017-06-12,CALVERT,HAKAI,QCS_V2,1,NBCH01,NUT8596,M,51.6678,-128.1433,10,0.45nm,13,6.218988347,uM,0.676800969,12.40397066
301500,1,2017-06-13,CALVERT,HAKAI,QCS_V1,1,QCS01,NUT8601,M,51.705,-128.2384,0,0.45nm,13,0.077186684,uM,0.036,0.017823093
301500,1,2017-06-13,CALVERT,HAKAI,QCS_V1,1,QCS01,NUT8602,M,51.705,-128.2384,5,0.45nm,13,0.033304706,uM,0.109,0.449571748
301500,1,2017-06-13,CALVERT,HAKAI,QCS_V1,1,QCS01,NUT8603,M,51.705,-128.2384,10,0.45nm,13,0.299240115,uM,0.149,1.092003389
301500,1,2017-06-13,CALVERT,HAKAI,QCS_V1,1,QCS01,NUT8604,M,51.705,-128.2384,20,0.45nm,13,3.634752969,uM,0.544,8.416510182
301500,1,2017-06-13,CALVERT,HAKAI,QCS_V1,1,QCS01,NUT8605,M,51.705,-128.2384,30,0.45nm,13,7.77504022,uM,0.755,12.75552502
301500,1,2017-06-13,CALVERT,HAKAI,QCS_V1,1,QCS01,NUT8607,M,51.705,-128.2384,50,0.45nm,13,15.29166889,uM,1.251,24.26062859
301500,1,2017-06-13,CALVERT,HAKAI,QCS_V1,1,QCS01,NUT8606,M,51.705,-128.2384,100,0.45nm,13,25.13406666,uM,1.879,39.03857245
301506,1,2017-06-13,CALVERT,HAKAI,QCS_V1,2,QCS01,NUT8611,M,51.705,-128.2384,115,0.45nm,13,30.02544715,uM,2.204,52.79413758
300523,1,2017-06-16,CALVERT,HAKAI,KWAK_PP,1,PRUTH,NUT8612,M,51.6554,-128.0913,0,0.45nm,13,0.662629967,uM,0.072,0.605974469
300523,1,2017-06-16,CALVERT,HAKAI,KWAK_PP,1,PRUTH,NUT8613,M,51.6554,-128.0913,5,0.45nm,13,0.719047431,uM,0.177,1.951577019
300523,1,2017-06-16,CALVERT,HAKAI,KWAK_PP,1,PRUTH,NUT8614,M,51.6554,-128.0913,10,0.45nm,13,2.353268541,uM,0.311,3.780370419
300523,1,2017-06-16,CALVERT,HAKAI,KWAK_PP,1,PRUTH,NUT8615,M,51.6554,-128.0913,20,0.45nm,13,7.423876945,uM,0.707,11.26386344
300523,1,2017-06-16,CALVERT,HAKAI,KWAK_PP,1,PRUTH,NUT8616,M,51.6554,-128.0913,30,0.45nm,13,16.62063141,uM,1.294,27.59424652
374127,1,2017-06-23,CALVERT,HAKAI,ROCKY,1,ROCKY02,NUT7690,M,,,0,0.45nm,13,0.232825526,uM,0.398469618,6.001616068
374129,1,2017-06-25,CALVERT,HAKAI,ROCKY,1,ROCKY04,NUT7696,M,,,0,0.45nm,13,0.352762778,uM,0.299432136,8.532949769
307177,1,2017-06-28,CALVERT,HAKAI,KWAK_PP,1,PRUTH,NUT8640,M,51.6554,-128.0913,0,0.45nm,13,0.101404353,uM,0.037,0.907956856
307177,1,2017-06-28,CALVERT,HAKAI,KWAK_PP,1,PRUTH,NUT8641,M,51.6554,-128.0913,5,0.45nm,13,1.145255382,uM,0.251372893,4.812981134
307177,1,2017-06-28,CALVERT,HAKAI,KWAK_PP,1,PRUTH,NUT8642,M,51.6554,-128.0913,10,0.45nm,13,6.475574426,uM,0.563827235,12.37916883
307177,1,2017-06-28,CALVERT,HAKAI,KWAK_PP,1,PRUTH,NUT8643,M,51.6554,-128.0913,20,0.45nm,13,10.3973657,uM,0.899,18.18764924
307177,1,2017-06-28,CALVERT,HAKAI,KWAK_PP,1,PRUTH,NUT8644,M,51.6554,-128.0913,30,0.45nm,13,16.49698317,uM,1.349708116,27.67958907
307177,1,2017-06-28,CALVERT,HAKAI,KWAK_PP,1,PRUTH,NUT8645,M,51.6554,-128.0913,40,0.45nm,13,19.58101167,uM,1.636,34.08358214
307177,1,2017-06-28,CALVERT,HAKAI,KWAK_PP,1,PRUTH,NUT8646,M,51.6554,-128.0913,50,0.45nm,13,22.07083102,uM,1.831,40.1817349
307177,1,2017-06-28,CALVERT,HAKAI,KWAK_PP,1,PRUTH,NUT8647,M,51.6554,-128.0913,60,0.45nm,13,22.83910436,uM,1.932,43.02633486
374132,1,2017-06-28,CALVERT,HAKAI,ROCKY,1,ROCKY05,NUT7697,M,,,0,0.45nm,13,2.080823785,uM,0.482492034,10.96137333
374134,1,2017-06-30,CALVERT,HAKAI,ROCKY,1,ROCKY07,NUT7695,M,,,0,0.45nm,13,0.414753443,uM,0.407447852,7.893062845
374137,1,2017-07-01,CALVERT,HAKAI,ROCKY,1,ROCKY06,NUT7694,M,,,0,0.45nm,13,0.047711714,uM,0.200294362,1.120717783
309237,1,2017-07-06,CALVERT,HAKAI,QCS_V2,1,NBCH01,NUT8697,M,51.6678,-128.1433,0,0.45nm,13,0.085918197,uM,0.007969485,1.00224114
308969,1,2017-07-06,CALVERT,HAKAI,QCS_V2,1,WBCH01,NUT8702,M,51.6535,-128.1493,0,0.45nm,13,0.089272301,uM,0.047,1.008998236
309237,1,2017-07-06,CALVERT,HAKAI,QCS_V2,1,NBCH01,NUT8698,M,51.6678,-128.1433,5,0.45nm,13,2.538324797,uM,0.407266443,7.955601983
308969,1,2017-07-06,CALVERT,HAKAI,QCS_V2,1,WBCH01,NUT8703,M,51.6535,-128.1493,5,0.45nm,13,0.113862381,uM,0.154,2.707262816
309237,1,2017-07-06,CALVERT,HAKAI,QCS_V2,1,NBCH01,NUT8699,M,51.6678,-128.1433,10,0.45nm,13,6.15056932,uM,0.672094048,11.43126856
374140,1,2017-07-07,CALVERT,HAKAI,ROCKY,1,ROCKY03,NUT7700,M,,,0,0.45nm,13,0.203610126,uM,0.209202267,2.11680873
309022,1,2017-07-08,CALVERT,HAKAI,QCS_V1,1,QCS01,NUT8682,M,51.705,-128.2384,0,0.45nm,13,0.055305124,uM,0.018,0.189125604
309022,1,2017-07-08,CALVERT,HAKAI,QCS_V1,1,QCS01,NUT8683,M,51.705,-128.2384,5,0.45nm,13,0.036125081,uM,0.044701645,0.329047162
309022,1,2017-07-08,CALVERT,HAKAI,QCS_V1,1,QCS01,NUT8684,M,51.705,-128.2384,10,0.45nm,13,0.000666985,uM,0.152,2.216040444
309022,1,2017-07-08,CALVERT,HAKAI,QCS_V1,1,QCS01,NUT8685,M,51.705,-128.2384,20,0.45nm,13,5.78268875,uM,0.611,9.802816605
309022,1,2017-07-08,CALVERT,HAKAI,QCS_V1,1,QCS01,NUT8686,M,51.705,-128.2384,30,0.45nm,13,8.709631864,uM,0.807,12.29606247
309022,1,2017-07-08,CALVERT,HAKAI,QCS_V1,1,QCS01,NUT8687,M,51.705,-128.2384,50,0.45nm,13,13.78459947,uM,1.139,19.15413772
309022,1,2017-07-08,CALVERT,HAKAI,QCS_V1,1,QCS01,NUT8688,M,51.705,-128.2384,100,0.45nm,13,30.53754928,uM,2.288,54.83684604
309022,1,2017-07-08,CALVERT,HAKAI,QCS_V1,1,QCS01,NUT8689,M,51.705,-128.2384,115,0.45nm,13,32.87297677,uM,2.619,64.66440885
309025,1,2017-07-09,CALVERT,HAKAI,KWAK_PP,1,PRUTH,NUT8704,M,51.6554,-128.0913,0,0.45nm,13,0.10648092,uM,0,0.207585153
309025,1,2017-07-09,CALVERT,HAKAI,KWAK_PP,1,PRUTH,NUT8705,M,51.6554,-128.0913,5,0.45nm,13,0.152852549,uM,0.123,2.3674145
309025,1,2017-07-09,CALVERT,HAKAI,KWAK_PP,1,PRUTH,NUT8706,M,51.6554,-128.0913,10,0.45nm,13,6.619220483,uM,0.784,12.71190626
309025,1,2017-07-09,CALVERT,HAKAI,KWAK_PP,1,PRUTH,NUT8707,M,51.6554,-128.0913,20,0.45nm,13,14.53456978,uM,1.192,26.31321399
309025,1,2017-07-09,CALVERT,HAKAI,KWAK_PP,1,PRUTH,NUT8712,M,51.6554,-128.0913,30,0.45nm,13,21.411314,uM,1.426,38.96004058
313621,1,2017-07-20,CALVERT,HAKAI,MACRO_MGEO,1,NBCH01,NUT8766,M,51.6678,-128.1433,0,0.45nm,13,0.021933219,uM,0.020034746,0.820294612
313621,1,2017-07-20,CALVERT,HAKAI,MACRO_MGEO,1,NBCH01,NUT8766,M,51.6678,-128.1433,0,0.45nm,13,0.021933219,uM,0.020034746,0.820294612
313620,1,2017-07-20,CALVERT,HAKAI,MACRO_MGEO,1,WBCH01,NUT8783,M,51.6535,-128.1493,0,0.45nm,13,0.096904038,uM,0.060005615,0.558348409
313621,1,2017-07-20,CALVERT,HAKAI,MACRO_MGEO,1,NBCH01,NUT8767,M,51.6678,-128.1433,5,0.45nm,13,4.105215121,uM,0.47733376,9.381369943
313621,1,2017-07-20,CALVERT,HAKAI,MACRO_MGEO,1,NBCH01,NUT8767,M,51.6678,-128.1433,5,0.45nm,13,4.105215121,uM,0.47733376,9.381369943
313620,1,2017-07-20,CALVERT,HAKAI,MACRO_MGEO,1,WBCH01,NUT8784,M,51.6535,-128.1493,5,0.45nm,13,0.123508237,uM,0.066762037,0.708314883
313621,1,2017-07-20,CALVERT,HAKAI,MACRO_MGEO,1,NBCH01,NUT8768,M,51.6678,-128.1433,10,0.45nm,13,8.524513709,uM,0.823837274,15.07076898
313621,1,2017-07-20,CALVERT,HAKAI,MACRO_MGEO,1,NBCH01,NUT8768,M,51.6678,-128.1433,10,0.45nm,13,8.524513709,uM,0.823837274,15.07076898
312446,1,2017-07-21,CALVERT,HAKAI,KWAK_PP,1,PRUTH,NUT8788,M,51.6554,-128.0913,0,0.45nm,13,0.071674348,uM,0.038060972,0.888836175
312446,1,2017-07-21,CALVERT,HAKAI,KWAK_PP,1,PRUTH,NUT8789,M,51.6554,-128.0913,5,0.45nm,13,1.023270945,uM,0.174293048,3.850896758
312446,1,2017-07-21,CALVERT,HAKAI,KWAK_PP,1,PRUTH,NUT8790,M,51.6554,-128.0913,10,0.45nm,13,5.79685297,uM,0.576063335,11.71572629
312446,1,2017-07-21,CALVERT,HAKAI,KWAK_PP,1,PRUTH,NUT8791,M,51.6554,-128.0913,20,0.45nm,13,10.84717195,uM,0.973744294,20.01900364
312446,1,2017-07-21,CALVERT,HAKAI,KWAK_PP,1,PRUTH,NUT8792,M,51.6554,-128.0913,30,0.45nm,13,16.8518008,uM,1.468118377,30.33008898
312446,1,2017-07-21,CALVERT,HAKAI,KWAK_PP,1,PRUTH,NUT8793,M,51.6554,-128.0913,40,0.45nm,13,20.32158357,uM,1.619671232,36.15311033
312446,1,2017-07-21,CALVERT,HAKAI,KWAK_PP,1,PRUTH,NUT8794,M,51.6554,-128.0913,50,0.45nm,13,22.48586006,uM,1.869124154,40.73358037
312446,1,2017-07-21,CALVERT,HAKAI,KWAK_PP,1,PRUTH,NUT8795,M,51.6554,-128.0913,60,0.45nm,13,24.42705124,uM,2.032747452,45.40291366
313558,1,2017-07-27,CALVERT,HAKAI,KWAK_PP,1,PRUTH,NUT8848,M,51.6554,-128.0913,0,0.45nm,13,0.199214299,uM,0.047077909,1.129099035
313558,1,2017-07-27,CALVERT,HAKAI,KWAK_PP,1,PRUTH,NUT8849,M,51.6554,-128.0913,5,0.45nm,13,2.947801974,uM,0.33883444,7.364365489
313558,1,2017-07-27,CALVERT,HAKAI,KWAK_PP,1,PRUTH,NUT8850,M,51.6554,-128.0913,10,0.45nm,13,7.63252117,uM,0.724537511,14.67290903
313558,1,2017-07-27,CALVERT,HAKAI,KWAK_PP,1,PRUTH,NUT8851,M,51.6554,-128.0913,20,0.45nm,13,9.978670803,uM,0.937476994,18.85191061
313558,1,2017-07-27,CALVERT,HAKAI,KWAK_PP,1,PRUTH,NUT8852,M,51.6554,-128.0913,30,0.45nm,13,14.89547803,uM,1.215889927,27.22847833
313687,1,2017-07-28,CALVERT,HAKAI,QCS_V1,1,QCS01,NUT8840,M,51.705,-128.2384,0,0.45nm,13,0.072,uM,0.081,2.347
313687,1,2017-07-28,CALVERT,HAKAI,QCS_V1,1,QCS01,NUT8841,M,51.705,-128.2384,5,0.45nm,13,1.309,uM,0.224,6.129
313687,1,2017-07-28,CALVERT,HAKAI,QCS_V1,1,QCS01,NUT8842,M,51.705,-128.2384,10,0.45nm,13,0.614,uM,0.233,5.966
313687,1,2017-07-28,CALVERT,HAKAI,QCS_V1,1,QCS01,NUT8842,M,51.705,-128.2384,10,0.45nm,13,0.614,uM,0.233,5.966
313687,1,2017-07-28,CALVERT,HAKAI,QCS_V1,1,QCS01,NUT8842,M,51.705,-128.2384,10,0.45nm,13,0.614,uM,0.233,5.966
313687,1,2017-07-28,CALVERT,HAKAI,QCS_V1,1,QCS01,NUT8843,M,51.705,-128.2384,20,0.45nm,13,0.51,uM,0.232,5.97
313687,1,2017-07-28,CALVERT,HAKAI,QCS_V1,1,QCS01,NUT8843,M,51.705,-128.2384,20,0.45nm,13,0.51,uM,0.232,5.97
313687,1,2017-07-28,CALVERT,HAKAI,QCS_V1,1,QCS01,NUT8843,M,51.705,-128.2384,20,0.45nm,13,0.51,uM,0.232,5.97
313687,1,2017-07-28,CALVERT,HAKAI,QCS_V1,1,QCS01,NUT8844,M,51.705,-128.2384,30,0.45nm,13,7.314,uM,0.717,12.944
313687,1,2017-07-28,CALVERT,HAKAI,QCS_V1,1,QCS01,NUT8844,M,51.705,-128.2384,30,0.45nm,13,7.314,uM,0.717,12.944
313687,1,2017-07-28,CALVERT,HAKAI,QCS_V1,1,QCS01,NUT8844,M,51.705,-128.2384,30,0.45nm,13,7.314,uM,0.717,12.944
313687,1,2017-07-28,CALVERT,HAKAI,QCS_V1,1,QCS01,NUT8845,M,51.705,-128.2384,50,0.45nm,13,16.047,uM,1.185,25.908
313687,1,2017-07-28,CALVERT,HAKAI,QCS_V1,1,QCS01,NUT8845,M,51.705,-128.2384,50,0.45nm,13,16.047,uM,1.185,25.908
313687,1,2017-07-28,CALVERT,HAKAI,QCS_V1,1,QCS01,NUT8845,M,51.705,-128.2384,50,0.45nm,13,16.047,uM,1.185,25.908
313687,1,2017-07-28,CALVERT,HAKAI,QCS_V1,1,QCS01,NUT8846,M,51.705,-128.2384,100,0.45nm,13,28.689,uM,2.1,47.456
313687,1,2017-07-28,CALVERT,HAKAI,QCS_V1,1,QCS01,NUT8846,M,51.705,-128.2384,100,0.45nm,13,28.689,uM,2.1,47.456
313687,1,2017-07-28,CALVERT,HAKAI,QCS_V1,1,QCS01,NUT8846,M,51.705,-128.2384,100,0.45nm,13,28.689,uM,2.1,47.456
313687,1,2017-07-28,CALVERT,HAKAI,QCS_V1,1,QCS01,NUT8847,M,51.705,-128.2384,125,0.45nm,13,35.583,uM,2.444,65.419
313687,1,2017-07-28,CALVERT,HAKAI,QCS_V1,1,QCS01,NUT8847,M,51.705,-128.2384,125,0.45nm,13,35.583,uM,2.444,65.419
313687,1,2017-07-28,CALVERT,HAKAI,QCS_V1,1,QCS01,NUT8847,M,51.705,-128.2384,125,0.45nm,13,35.583,uM,2.444,65.419
374145,1,2017-08-08,CALVERT,HAKAI,ROCKY,1,ROCKY05,NUT7699,M,,,0,0.45nm,13,2.559628844,uM,0.499615266,10.93308003
374146,1,2017-08-10,CALVERT,HAKAI,ROCKY,1,ROCKY04,NUT9700,M,,,0,0.45nm,13,2.756128391,uM,0.659690194,12.34549981
374151,1,2017-08-11,CALVERT,HAKAI,ROCKY,1,ROCKY02,NUT9701,M,,,0,0.45nm,13,0.465489742,uM,0.837119507,13.87535519
315878,1,2017-08-13,CALVERT,HAKAI,KWAK_PP,4,PRUTH,NUT8910,M,51.6554,-128.0913,0,0.45nm,13,0.700742819,uM,0.125,3.026953232
315878,1,2017-08-13,CALVERT,HAKAI,KWAK_PP,4,PRUTH,NUT8911,M,51.6554,-128.0913,5,0.45nm,13,3.900795479,uM,0.393,9.225768248
315878,1,2017-08-13,CALVERT,HAKAI,KWAK_PP,4,PRUTH,NUT8912,M,51.6554,-128.0913,10,0.45nm,13,6.497890119,uM,0.637,13.55652216
315878,1,2017-08-13,CALVERT,HAKAI,KWAK_PP,4,PRUTH,NUT8913,M,51.6554,-128.0913,20,0.45nm,13,15.20366657,uM,1.348,29.68145608
315878,1,2017-08-13,CALVERT,HAKAI,KWAK_PP,4,PRUTH,NUT8914,M,51.6554,-128.0913,30,0.45nm,13,22.44107719,uM,1.778,41.27847252
315878,1,2017-08-13,CALVERT,HAKAI,KWAK_PP,4,PRUTH,NUT8915,M,51.6554,-128.0913,40,0.45nm,13,24.04759372,uM,1.816,45.57200923
315878,1,2017-08-13,CALVERT,HAKAI,KWAK_PP,4,PRUTH,NUT8916,M,51.6554,-128.0913,50,0.45nm,13,25.3470441,uM,2.027,49.49200712
315878,1,2017-08-13,CALVERT,HAKAI,KWAK_PP,4,PRUTH,NUT8917,M,51.6554,-128.0913,60,0.45nm,13,27.16443918,uM,1.907,54.1448405
317145,1,2017-08-18,CALVERT,HAKAI,KWAK_PP,1,PRUTH,NUT8929,M,51.6554,-128.0913,0,0.45nm,13,2.371166943,uM,0.277,6.989070687
317145,1,2017-08-18,CALVERT,HAKAI,KWAK_PP,1,PRUTH,NUT8930,M,51.6554,-128.0913,5,0.45nm,13,4.437361394,uM,0.488,10.5597751
317145,1,2017-08-18,CALVERT,HAKAI,KWAK_PP,1,PRUTH,NUT8931,M,51.6554,-128.0913,10,0.45nm,13,4.869558107,uM,0.507,11.30700184
317145,1,2017-08-18,CALVERT,HAKAI,KWAK_PP,1,PRUTH,NUT8932,M,51.6554,-128.0913,20,0.45nm,13,10.24726936,uM,0.947,20.472606
317145,1,2017-08-18,CALVERT,HAKAI,KWAK_PP,1,PRUTH,NUT8933,M,51.6554,-128.0913,30,0.45nm,13,16.94005322,uM,1.461,31.609998
317691,1,2017-08-20,CALVERT,HAKAI,QCS_V2,1,NBCH01,NUT8938,M,51.6678,-128.1433,0,0.45nm,13,6.163753783,uM,0.661,13.8714988
317690,1,2017-08-20,CALVERT,HAKAI,QCS_V2,1,WBCH01,NUT8941,M,51.6535,-128.1493,0,0.45nm,13,1.884060485,uM,0.364,6.12567548
317691,1,2017-08-20,CALVERT,HAKAI,QCS_V2,1,NBCH01,NUT8939,M,51.6678,-128.1433,5,0.45nm,13,6.410748405,uM,0.678,14.13588812
317690,1,2017-08-20,CALVERT,HAKAI,QCS_V2,1,WBCH01,NUT8942,M,51.6535,-128.1493,5,0.45nm,13,4.829,uM,0.525,10.624
317691,1,2017-08-20,CALVERT,HAKAI,QCS_V2,1,NBCH01,NUT8940,M,51.6678,-128.1433,10,0.45nm,13,8.264,uM,0.801,16.24
321937,1,2017-08-30,CALVERT,HAKAI,KWAK_PP,3,PRUTH,NUT8943,M,51.6554,-128.0913,0,0.45nm,13,0.087838848,uM,0.026,11.22998395
321937,1,2017-08-30,CALVERT,HAKAI,KWAK_PP,3,PRUTH,NUT8944,M,51.6554,-128.0913,5,0.45nm,13,3.746932278,uM,0.358,12.51269246
321937,1,2017-08-30,CALVERT,HAKAI,KWAK_PP,3,PRUTH,NUT8945,M,51.6554,-128.0913,10,0.45nm,13,6.983601198,uM,0.674,16.68754796
321937,1,2017-08-30,CALVERT,HAKAI,KWAK_PP,3,PRUTH,NUT8946,M,51.6554,-128.0913,20,0.45nm,13,13.21501404,uM,1.125,26.29454516
321937,1,2017-08-30,CALVERT,HAKAI,KWAK_PP,3,PRUTH,NUT8947,M,51.6554,-128.0913,30,0.45nm,13,17.06214653,uM,1.311,32.70769909
321937,1,2017-08-30,CALVERT,HAKAI,KWAK_PP,3,PRUTH,NUT8948,M,51.6554,-128.0913,40,0.45nm,13,22.77331419,uM,1.807,42.24932158
321937,1,2017-08-30,CALVERT,HAKAI,KWAK_PP,3,PRUTH,NUT8949,M,51.6554,-128.0913,50,0.45nm,13,24.33519161,uM,1.907,46.4434115
321937,1,2017-08-30,CALVERT,HAKAI,KWAK_PP,3,PRUTH,NUT8950,M,51.6554,-128.0913,60,0.45nm,13,26.23942256,uM,2.165,52.55535948
325895,1,2017-09-03,CALVERT,HAKAI,QCS_V2,1,NBCH01,NUT9413,M,51.6678,-128.1433,0,0.45nm,13,2.146700465,uM,0.413,9.147458845
325897,1,2017-09-03,CALVERT,HAKAI,QCS_V2,1,WBCH01,NUT9418,M,51.6535,-128.1493,0,0.45nm,13,1.259467918,uM,0.359,7.027436213
325895,1,2017-09-03,CALVERT,HAKAI,QCS_V2,1,NBCH01,NUT9414,M,51.6678,-128.1433,5,0.45nm,13,3.913424655,uM,0.547,11.96340105
325897,1,2017-09-03,CALVERT,HAKAI,QCS_V2,1,WBCH01,NUT9419,M,51.6535,-128.1493,5,0.45nm,13,2.124320043,uM,0.403,9.102572896
325895,1,2017-09-03,CALVERT,HAKAI,QCS_V2,1,NBCH01,NUT9415,M,51.6678,-128.1433,10,0.45nm,13,4.513585711,uM,0.552,12.66316277
336964,1,2017-09-04,CALVERT,HAKAI,QCS_V1,1,QCS01,NUT8918,M,51.705,-128.2384,0,0.45nm,13,0.704,uM,0.122,5.295
336964,1,2017-09-04,CALVERT,HAKAI,QCS_V1,1,QCS01,NUT8919,M,51.705,-128.2384,5,0.45nm,13,1.135,uM,0.27,8.832
336964,1,2017-09-04,CALVERT,HAKAI,QCS_V1,1,QCS01,NUT8920,M,51.705,-128.2384,10,0.45nm,13,1.126,uM,0.296,8.833
336964,1,2017-09-04,CALVERT,HAKAI,QCS_V1,1,QCS01,NUT8921,M,51.705,-128.2384,20,0.45nm,13,6.12,uM,0.716,15.891
336964,1,2017-09-04,CALVERT,HAKAI,QCS_V1,1,QCS01,NUT8922,M,51.705,-128.2384,30,0.45nm,13,10.44,uM,0.898,16.827
336964,1,2017-09-04,CALVERT,HAKAI,QCS_V1,1,QCS01,NUT8923,M,51.705,-128.2384,50,0.45nm,13,18.205,uM,1.427,27.223
336964,1,2017-09-04,CALVERT,HAKAI,QCS_V1,1,QCS01,NUT8924,M,51.705,-128.2384,100,0.45nm,13,28.389,uM,2.071,46.584
336964,1,2017-09-04,CALVERT,HAKAI,QCS_V1,1,QCS01,NUT8925,M,51.705,-128.2384,115,0.45nm,13,29.714,uM,1.916,47.364
336980,1,2017-09-08,CALVERT,HAKAI,KWAK_PP,1,PRUTH,NUT9420,M,51.6554,-128.0913,0,0.45nm,13,1.097140036,uM,0.158,13.83748374
336980,1,2017-09-08,CALVERT,HAKAI,KWAK_PP,1,PRUTH,NUT9421,M,51.6554,-128.0913,5,0.45nm,13,4.532616603,uM,0.506,13.84900928
336980,1,2017-09-08,CALVERT,HAKAI,KWAK_PP,1,PRUTH,NUT9422,M,51.6554,-128.0913,10,0.45nm,13,9.349033328,uM,0.903,20.37022273
336980,1,2017-09-08,CALVERT,HAKAI,KWAK_PP,1,PRUTH,NUT9423,M,51.6554,-128.0913,20,0.45nm,13,14.90678772,uM,1.297,28.44187906
336980,1,2017-09-08,CALVERT,HAKAI,KWAK_PP,1,PRUTH,NUT8981,M,51.6554,-128.0913,30,0.45nm,13,20.06629198,uM,1.628,36.59047723
374178,1,2017-09-17,CALVERT,HAKAI,ROCKY,1,ROCKY06,NUT9778,M,,,0,0.45nm,14,,,,
374179,1,2017-09-18,CALVERT,HAKAI,ROCKY,1,ROCKY07,NUT9784,M,,,0,0.45nm,14,,,,
374180,1,2017-09-19,CALVERT,HAKAI,ROCKY,1,ROCKY03,NUT9790,M,,,0,0.45nm,14,,,,
342095,1,2017-09-20,CALVERT,HAKAI,KWAK_PP,4,PRUTH,NUT9426,M,51.6554,-128.0913,0,0.45nm,13,8.684986716,uM,0.703024456,21.87237564
342096,1,2017-09-20,CALVERT,HAKAI,KWAK_PP,5,PRUTH,NUT9427,M,51.6554,-128.0913,5,0.45nm,13,,,,
342095,1,2017-09-20,CALVERT,HAKAI,KWAK_PP,4,PRUTH,NUT9428,M,51.6554,-128.0913,10,0.45nm,13,12.16526275,uM,1.053380865,22.37001525
342095,1,2017-09-20,CALVERT,HAKAI,KWAK_PP,4,PRUTH,NUT9429,M,51.6554,-128.0913,20,0.45nm,13,17.56239875,uM,1.397912752,23.95683054
342095,1,2017-09-20,CALVERT,HAKAI,KWAK_PP,4,PRUTH,NUT9430,M,51.6554,-128.0913,30,0.45nm,13,19.87852694,uM,1.578474603,31.85085501
342095,1,2017-09-20,CALVERT,HAKAI,KWAK_PP,4,PRUTH,NUT9431,M,51.6554,-128.0913,40,0.45nm,13,23.41409166,uM,1.75087663,37.76473403
342095,1,2017-09-20,CALVERT,HAKAI,KWAK_PP,4,PRUTH,NUT9432,M,51.6554,-128.0913,50,0.45nm,13,25.14179345,uM,1.92169296,40.5904425
342095,1,2017-09-20,CALVERT,HAKAI,KWAK_PP,4,PRUTH,NUT9433,M,51.6554,-128.0913,60,0.45nm,13,27.17505181,uM,2.081217045,45.92546286
344210,1,2017-09-27,CALVERT,HAKAI,QCS_V1,2,QCS01,NUT9490,M,51.705,-128.2384,0,0.45nm,13,4.356173899,uM,0.527766472,15.20261691
344210,1,2017-09-27,CALVERT,HAKAI,QCS_V1,2,QCS01,NUT9491,M,51.705,-128.2384,5,0.45nm,13,4.933,uM,0.557,16.307
344210,1,2017-09-27,CALVERT,HAKAI,QCS_V1,2,QCS01,NUT9492,M,51.705,-128.2384,10,0.45nm,13,1.777124503,uM,0.388661861,8.560811515
344210,1,2017-09-27,CALVERT,HAKAI,QCS_V1,2,QCS01,NUT9493,M,51.705,-128.2384,20,0.45nm,13,2.122083535,uM,0.413644709,8.01075553
344210,1,2017-09-27,CALVERT,HAKAI,QCS_V1,2,QCS01,NUT9494,M,51.705,-128.2384,30,0.45nm,13,13.29727767,uM,1.130152867,19.01116565
344210,1,2017-09-27,CALVERT,HAKAI,QCS_V1,2,QCS01,NUT9495,M,51.705,-128.2384,40,0.45nm,13,21.871475,uM,1.701990724,33.66465901
344210,1,2017-09-27,CALVERT,HAKAI,QCS_V1,2,QCS01,NUT9496,M,51.705,-128.2384,100,0.45nm,13,26.97856823,uM,2.065436632,41.21574234
344210,1,2017-09-27,CALVERT,HAKAI,QCS_V1,2,QCS01,NUT9497,M,51.705,-128.2384,115,0.45nm,13,29.71938064,uM,2.170935995,44.81636399
344352,1,2017-09-28,CALVERT,HAKAI,QCS_V2,1,NBCH01,NUT9505,M,51.6678,-128.1433,0,0.45nm,13,5.844949561,uM,0.67765659,17.37662086
344351,1,2017-09-28,CALVERT,HAKAI,QCS_V2,1,WBCH01,NUT9510,M,51.6535,-128.1493,0,0.45nm,13,5.671180038,uM,0.666625536,17.38459171
344352,1,2017-09-28,CALVERT,HAKAI,QCS_V2,1,NBCH01,NUT9506,M,51.6678,-128.1433,5,0.45nm,13,6.45808306,uM,0.740318626,17.79387444
344351,1,2017-09-28,CALVERT,HAKAI,QCS_V2,1,WBCH01,NUT9511,M,51.6535,-128.1493,5,0.45nm,13,7.071429163,uM,0.823019503,18.37571188
344352,1,2017-09-28,CALVERT,HAKAI,QCS_V2,1,NBCH01,NUT9507,M,51.6678,-128.1433,10,0.45nm,13,7.131999222,uM,0.786270232,18.39021202
345801,1,2017-10-01,CALVERT,HAKAI,KWAK_PP,1,PRUTH,NUT9512,M,51.6554,-128.0913,0,0.45nm,13,9.294108205,uM,0.780628778,25.45688924
345801,1,2017-10-01,CALVERT,HAKAI,KWAK_PP,1,PRUTH,NUT9513,M,51.6554,-128.0913,5,0.45nm,13,11.83637646,uM,1.017372586,24.12805296
345801,1,2017-10-01,CALVERT,HAKAI,KWAK_PP,1,PRUTH,NUT9514,M,51.6554,-128.0913,10,0.45nm,13,13.77299318,uM,1.172372142,25.43915876
345801,1,2017-10-01,CALVERT,HAKAI,KWAK_PP,1,PRUTH,NUT9515,M,51.6554,-128.0913,20,0.45nm,13,18.66627369,uM,1.463055156,30.38613387
345801,1,2017-10-01,CALVERT,HAKAI,KWAK_PP,1,PRUTH,NUT9516,M,51.6554,-128.0913,30,0.45nm,13,21.77872117,uM,1.684553743,34.22080494
348762,1,2017-10-11,CALVERT,HAKAI,KWAK_PP,3,PRUTH,NUT9517,M,51.6554,-128.0913,0,0.45nm,13,15.6998814,uM,1.230033269,27.60544036
348762,1,2017-10-11,CALVERT,HAKAI,KWAK_PP,3,PRUTH,NUT9518,M,51.6554,-128.0913,5,0.45nm,13,17.06191915,uM,1.344680267,28.82359517
348762,1,2017-10-11,CALVERT,HAKAI,KWAK_PP,3,PRUTH,NUT9519,M,51.6554,-128.0913,10,0.45nm,13,18.31749102,uM,1.414232518,29.69176067
348762,1,2017-10-11,CALVERT,HAKAI,KWAK_PP,3,PRUTH,NUT9520,M,51.6554,-128.0913,20,0.45nm,13,19.11560494,uM,1.473033667,30.65413013
348762,1,2017-10-11,CALVERT,HAKAI,KWAK_PP,3,PRUTH,NUT9521,M,51.6554,-128.0913,30,0.45nm,13,21.43544478,uM,1.618648367,33.89609673
348762,1,2017-10-11,CALVERT,HAKAI,KWAK_PP,3,PRUTH,NUT9522,M,51.6554,-128.0913,50,0.45nm,13,25.63096572,uM,1.93288775,40.28327554
348762,1,2017-10-11,CALVERT,HAKAI,KWAK_PP,3,PRUTH,NUT9523,M,51.6554,-128.0913,60,0.45nm,13,26.94536964,uM,2.050520853,43.59705783
349102,1,2017-10-13,CALVERT,HAKAI,QCS_V1,1,QCS01,NUT9551,M,51.705,-128.2384,0,0.45nm,13,12.97666651,uM,1.110730749,27.71099082
349102,1,2017-10-13,CALVERT,HAKAI,QCS_V1,1,QCS01,NUT9552,M,51.705,-128.2384,5,0.45nm,13,15.59804932,uM,1.308166161,28.4895037
349102,1,2017-10-13,CALVERT,HAKAI,QCS_V1,1,QCS01,NUT9553,M,51.705,-128.2384,10,0.45nm,13,15.19252218,uM,1.287744513,25.35919075
349102,1,2017-10-13,CALVERT,HAKAI,QCS_V1,1,QCS01,NUT9554,M,51.705,-128.2384,30,0.45nm,13,19.83248922,uM,1.58620446,28.24322573
349102,1,2017-10-13,CALVERT,HAKAI,QCS_V1,1,QCS01,NUT9555,M,51.705,-128.2384,50,0.45nm,13,23.00961549,uM,1.799769093,33.71610084
349102,1,2017-10-13,CALVERT,HAKAI,QCS_V1,1,QCS01,NUT9556,M,51.705,-128.2384,100,0.45nm,13,30.82637332,uM,2.373281232,51.26977646
349102,1,2017-10-13,CALVERT,HAKAI,QCS_V1,1,QCS01,NUT9557,M,51.705,-128.2384,115,0.45nm,13,31.92313064,uM,2.385547395,52.37668951
374181,1,2017-11-16,CALVERT,HAKAI,ROCKY,1,ROCKY03,NUT9797,M,,,0,0.45nm,13,,,,
374182,1,2017-11-17,CALVERT,HAKAI,ROCKY,1,ROCKY07,NUT9796,M,,,0,0.45nm,13,,,,
374183,1,2017-11-18,CALVERT,HAKAI,ROCKY,1,ROCKY06,NUT9779,M,,,0,0.45nm,13,,,,
360668,1,2017-12-02,CALVERT,HAKAI,KWAK_PP,2,PRUTH,NUT9574,M,51.6554,-128.0913,0,0.45nm,13,22.06605574,uM,1.758,38.49470478
360668,1,2017-12-02,CALVERT,HAKAI,KWAK_PP,2,PRUTH,NUT9575,M,51.6554,-128.0913,5,0.45nm,13,21.54131096,uM,1.6,37.08004027
360668,1,2017-12-02,CALVERT,HAKAI,KWAK_PP,2,PRUTH,NUT9576,M,51.6554,-128.0913,10,0.45nm,13,21.93610024,uM,1.325,37.59656411
360668,1,2017-12-02,CALVERT,HAKAI,KWAK_PP,2,PRUTH,NUT9577,M,51.6554,-128.0913,20,0.45nm,13,21.71321344,uM,1.458,36.39330763
360668,1,2017-12-02,CALVERT,HAKAI,KWAK_PP,2,PRUTH,NUT9578,M,51.6554,-128.0913,40,0.45nm,13,21.00222465,uM,1.338,34.64001746
360668,1,2017-12-02,CALVERT,HAKAI,KWAK_PP,2,PRUTH,NUT9579,M,51.6554,-128.0913,50,0.45nm,13,21.52169309,uM,1.621,35.51821623
360669,1,2017-12-02,CALVERT,HAKAI,KWAK_PP,3,PRUTH,NUT9580,M,51.6554,-128.0913,60,0.45nm,13,21.45711038,uM,1.515,35.13517114
360690,1,2017-12-03,CALVERT,HAKAI,QCS_V1,2,QCS01,NUT9604,M,51.705,-128.2384,0,0.45nm,13,21.1496248,uM,1.65747883,38.15288287
360690,1,2017-12-03,CALVERT,HAKAI,QCS_V1,2,QCS01,NUT9605,M,51.705,-128.2384,5,0.45nm,13,20.01871833,uM,1.554368738,34.50053917
360690,1,2017-12-03,CALVERT,HAKAI,QCS_V1,2,QCS01,NUT9607,M,51.705,-128.2384,10,0.45nm,13,18.98354344,uM,1.605217088,31.9727793
360690,1,2017-12-03,CALVERT,HAKAI,QCS_V1,2,QCS01,NUT9606,M,51.705,-128.2384,30,0.45nm,13,17.55706539,uM,1.402559349,28.49009782
360690,1,2017-12-03,CALVERT,HAKAI,QCS_V1,2,QCS01,NUT9608,M,51.705,-128.2384,50,0.45nm,13,14.98291442,uM,1.124446581,23.24267781
360690,1,2017-12-03,CALVERT,HAKAI,QCS_V1,2,QCS01,NUT9609,M,51.705,-128.2384,100,0.45nm,13,13.47177515,uM,1.177344527,20.39362298
360690,1,2017-12-03,CALVERT,HAKAI,QCS_V1,2,QCS01,NUT9610,M,51.705,-128.2384,115,0.45nm,13,13.93244315,uM,1.199814985,21.48597956
364805,1,2018-01-10,CALVERT,HAKAI,QCS_V1,1,QCS01,NUT9617,M,51.705,-128.2384,0,0.45nm,13,17.11939907,uM,1.340134479,28.65984086
364805,1,2018-01-10,CALVERT,HAKAI,QCS_V1,1,QCS01,NUT9618,M,51.705,-128.2384,5,0.45nm,13,17.04350413,uM,1.402404834,28.56458866
364805,1,2018-01-10,CALVERT,HAKAI,QCS_V1,1,QCS01,NUT9619,M,51.705,-128.2384,10,0.45nm,13,16.94195829,uM,1.270493218,28.31545207
364805,1,2018-01-10,CALVERT,HAKAI,QCS_V1,1,QCS01,NUT9620,M,51.705,-128.2384,30,0.45nm,13,16.58772093,uM,1.389762704,27.41835108
364805,1,2018-01-10,CALVERT,HAKAI,QCS_V1,1,QCS01,NUT9621,M,51.705,-128.2384,50,0.45nm,13,16.31392874,uM,1.328361406,26.83566113
364805,1,2018-01-10,CALVERT,HAKAI,QCS_V1,1,QCS01,NUT9622,M,51.705,-128.2384,100,0.45nm,13,15.67768054,uM,1.764326892,25.71532122
364805,1,2018-01-10,CALVERT,HAKAI,QCS_V1,1,QCS01,NUT9623,M,51.705,-128.2384,115,0.45nm,13,16.56663168,uM,1.367527154,27.1345215
364886,1,2018-01-13,CALVERT,HAKAI,KWAK_PP,4,PRUTH,NUT9624,M,51.6554,-128.0913,0,0.45nm,13,19.6263718,uM,1.445,33.9006721
364886,1,2018-01-13,CALVERT,HAKAI,KWAK_PP,4,PRUTH,NUT9625,M,51.6554,-128.0913,5,0.45nm,13,19.64455784,uM,1.475,33.70824489
364886,1,2018-01-13,CALVERT,HAKAI,KWAK_PP,4,PRUTH,NUT9626,M,51.6554,-128.0913,10,0.45nm,13,19.63170774,uM,1.48,33.669848
364886,1,2018-01-13,CALVERT,HAKAI,KWAK_PP,4,PRUTH,NUT9627,M,51.6554,-128.0913,20,0.45nm,13,19.56580956,uM,1.556,33.21569187
364886,1,2018-01-13,CALVERT,HAKAI,KWAK_PP,4,PRUTH,NUT9628,M,51.6554,-128.0913,30,0.45nm,13,19.51258092,uM,1.527,33.1061402
364886,1,2018-01-13,CALVERT,HAKAI,KWAK_PP,4,PRUTH,NUT9629,M,51.6554,-128.0913,50,0.45nm,13,18.99356566,uM,1.47,31.95146459
364886,1,2018-01-13,CALVERT,HAKAI,KWAK_PP,4,PRUTH,NUT9630,M,51.6554,-128.0913,60,0.45nm,13,19.71857469,uM,1.459,33.53399341
368606,1,2018-02-14,CALVERT,HAKAI,KWAK_PP,4,PRUTH,NUT9660,M,51.6554,-128.0913,0,0.45nm,13,17.96141876,uM,1.419,32.79753682
368606,1,2018-02-14,CALVERT,HAKAI,KWAK_PP,4,PRUTH,NUT9661,M,51.6554,-128.0913,5,0.45nm,13,18.05903795,uM,1.468,33.03375331
368606,1,2018-02-14,CALVERT,HAKAI,KWAK_PP,4,PRUTH,NUT9662,M,51.6554,-128.0913,10,0.45nm,13,18.01204081,uM,1.471,33.09198166
368606,1,2018-02-14,CALVERT,HAKAI,KWAK_PP,4,PRUTH,NUT9663,M,51.6554,-128.0913,20,0.45nm,13,18.17877506,uM,1.399,32.73759752
368606,1,2018-02-14,CALVERT,HAKAI,KWAK_PP,4,PRUTH,NUT9664,M,51.6554,-128.0913,30,0.45nm,13,18.95470182,uM,1.551,32.71511994
368606,1,2018-02-14,CALVERT,HAKAI,KWAK_PP,4,PRUTH,NUT9665,M,51.6554,-128.0913,50,0.45nm,13,18.51278851,uM,1.491,31.97789339
368606,1,2018-02-14,CALVERT,HAKAI,KWAK_PP,4,PRUTH,NUT9666,M,51.6554,-128.0913,60,0.45nm,13,18.52277465,uM,1.425,32.26712944
374084,1,2018-02-14,CALVERT,HAKAI,ROCKY,1,ROCKY03,NUT9780,M,,,0,0.45nm,14,,,,
374085,1,2018-02-16,CALVERT,HAKAI,ROCKY,1,ROCKY06,NUT9782,M,,,0,0.45nm,14,,,,
407522,1,2018-02-16,CALVERT,HAKAI,ROCKY,1,ROCKY07,NUT9791,M,,,0,0.45nm,13,,,,
368809,1,2018-02-21,CALVERT,HAKAI,QCS_V1,2,QCS01,NUT9670,M,51.705,-128.2384,0,0.45nm,13,18.00482082,uM,1.432236299,33.36768244
368809,1,2018-02-21,CALVERT,HAKAI,QCS_V1,2,QCS01,NUT9671,M,51.705,-128.2384,5,0.45nm,13,18.14420105,uM,1.454627815,32.93427562
368809,1,2018-02-21,CALVERT,HAKAI,QCS_V1,2,QCS01,NUT9672,M,51.705,-128.2384,10,0.45nm,13,17.72554403,uM,1.462330241,32.13044355
368809,1,2018-02-21,CALVERT,HAKAI,QCS_V1,2,QCS01,NUT9673,M,51.705,-128.2384,30,0.45nm,13,15.17532252,uM,1.250175817,26.00781606
368809,1,2018-02-21,CALVERT,HAKAI,QCS_V1,2,QCS01,NUT9674,M,51.705,-128.2384,50,0.45nm,13,12.74054217,uM,1.113722859,20.96507935
368809,1,2018-02-21,CALVERT,HAKAI,QCS_V1,2,QCS01,NUT9675,M,51.705,-128.2384,100,0.45nm,13,19.38141525,uM,1.491544117,32.55393062
368809,1,2018-02-21,CALVERT,HAKAI,QCS_V1,2,QCS01,NUT9676,M,51.705,-128.2384,115,0.45nm,13,24.34518415,uM,1.675942763,41.65903109
374052,1,2018-02-25,CALVERT,HAKAI,ROCKY,1,ROCKY04,NUT9737,M,,,0,0.45nm,13,,,,
371425,1,2018-02-26,CALVERT,HAKAI,ROCKY,1,ROCKY05,NUT9738,M,,,0,0.45nm,13,,,,
374055,1,2018-02-28,CALVERT,HAKAI,ROCKY,1,ROCKY02,NUT9741,M,,,0,0.45nm,13,,,,
374043,1,2018-03-20,CALVERT,HAKAI,ROCKY,1,ROCKY02,NUT9740,M,,,0,0.45nm,13,,,,
374049,1,2018-03-21,CALVERT,HAKAI,ROCKY,1,ROCKY05,NUT9739,M,,,0,0.45nm,13,,,,
374046,1,2018-03-22,CALVERT,HAKAI,ROCKY,1,ROCKY04,NUT9735,M,,,0,0.45nm,13,,,,
374070,1,2018-03-24,CALVERT,HAKAI,QCS_V1,1,QCS01,NUT9803,M,51.705,-128.2384,0,0.45nm,13,17.34047231,uM,1.354819462,33.7035599
374070,1,2018-03-24,CALVERT,HAKAI,QCS_V1,1,QCS01,NUT9804,M,51.705,-128.2384,5,0.45nm,13,16.78174142,uM,1.410747401,32.86404414
374070,1,2018-03-24,CALVERT,HAKAI,QCS_V1,1,QCS01,NUT9805,M,51.705,-128.2384,10,0.45nm,13,16.97941626,uM,1.456464232,32.71493753
374070,1,2018-03-24,CALVERT,HAKAI,QCS_V1,1,QCS01,NUT9806,M,51.705,-128.2384,20,0.45nm,13,16.37909628,uM,1.367376407,31.36783603
374070,1,2018-03-24,CALVERT,HAKAI,QCS_V1,1,QCS01,NUT9807,M,51.705,-128.2384,30,0.45nm,13,16.49671336,uM,1.340503533,30.54725597
374070,1,2018-03-24,CALVERT,HAKAI,QCS_V1,1,QCS01,NUT9808,M,51.705,-128.2384,50,0.45nm,13,,,,
374070,1,2018-03-24,CALVERT,HAKAI,QCS_V1,1,QCS01,NUT9809,M,51.705,-128.2384,100,0.45nm,13,15.93442692,uM,1.319516613,26.58252003
374070,1,2018-03-24,CALVERT,HAKAI,QCS_V1,1,QCS01,NUT9810,M,51.705,-128.2384,115,0.45nm,13,21.5030183,uM,1.728581468,35.122759
374731,1,2018-03-28,CALVERT,HAKAI,KWAK,2,PRUTH,NUT9654,M,51.6554,-128.0913,0,0.45nm,13,14.98222803,uM,1.209,30.45643645
374731,1,2018-03-28,CALVERT,HAKAI,KWAK,2,PRUTH,NUT9655,M,51.6554,-128.0913,5,0.45nm,13,16.83402308,uM,1.37,32.32834433
374731,1,2018-03-28,CALVERT,HAKAI,KWAK,2,PRUTH,NUT9656,M,51.6554,-128.0913,10,0.45nm,13,17.80117136,uM,1.451,33.29479914
374731,1,2018-03-28,CALVERT,HAKAI,KWAK,2,PRUTH,NUT9657,M,51.6554,-128.0913,20,0.45nm,13,18.69042366,uM,1.55,34.80371753
374731,1,2018-03-28,CALVERT,HAKAI,KWAK,2,PRUTH,NUT9658,M,51.6554,-128.0913,30,0.45nm,13,19.27462375,uM,1.541,35.25419809
374731,1,2018-03-28,CALVERT,HAKAI,KWAK,2,PRUTH,NUT9659,M,51.6554,-128.0913,50,0.45nm,13,19.31573886,uM,1.519,35.14715388
374731,1,2018-03-28,CALVERT,HAKAI,KWAK,2,PRUTH,NUT9811,M,51.6554,-128.0913,60,0.45nm,13,19.72659549,uM,1.528,36.18428377
375069,1,2018-04-02,CALVERT,HAKAI,QCS_V2,1,NBCH01,NUT9835,M,51.6678,-128.1433,0,0.45nm,13,15.40062808,uM,1.352,27.3005185
375071,1,2018-04-02,CALVERT,HAKAI,QCS_V2,1,WBCH01,NUT9840,M,51.6535,-128.1493,0,0.45nm,13,13.64591163,uM,1.193,23.61567901
375069,1,2018-04-02,CALVERT,HAKAI,QCS_V2,1,NBCH01,NUT9836,M,51.6678,-128.1433,5,0.45nm,13,15.34296956,uM,1.293,26.90048916
375071,1,2018-04-02,CALVERT,HAKAI,QCS_V2,1,WBCH01,NUT9841,M,51.6535,-128.1493,5,0.45nm,13,13.70716917,uM,1.219,23.84407573
375069,1,2018-04-02,CALVERT,HAKAI,QCS_V2,1,NBCH01,NUT9837,M,51.6678,-128.1433,10,0.45nm,13,15.19205127,uM,1.331,26.69032969
375266,1,2018-04-03,CALVERT,HAKAI,ROCKY,1,ROCKY02,NUT9730,M,,,0,0.45nm,13,,,,
376150,1,2018-04-04,CALVERT,HAKAI,ROCKY,1,ROCKY05,NUT9734,M,,,0,0.45nm,13,,,,
376164,1,2018-04-05,CALVERT,HAKAI,ROCKY,1,ROCKY04,NUT9731,M,,,0,0.45nm,13,,,,
378613,1,2018-04-20,CALVERT,HAKAI,ROCKY,1,ROCKY02,NUT9733,M,,,0,0.45nm,13,,,,
378774,1,2018-04-21,CALVERT,HAKAI,KWAK_PP;KWAK,2,PRUTH,NUT9847,M,51.6554,-128.0913,0,0.45nm,13,11.61696069,uM,1.063860385,19.24784571
378774,1,2018-04-21,CALVERT,HAKAI,KWAK_PP;KWAK,2,PRUTH,NUT9848,M,51.6554,-128.0913,5,0.45nm,13,13.24098675,uM,1.231437133,21.55477429
378774,1,2018-04-21,CALVERT,HAKAI,KWAK_PP;KWAK,2,PRUTH,NUT9849,M,51.6554,-128.0913,10,0.45nm,13,13.77583006,uM,1.278071606,22.9837492
378774,1,2018-04-21,CALVERT,HAKAI,KWAK_PP;KWAK,2,PRUTH,NUT9850,M,51.6554,-128.0913,20,0.45nm,13,14.57960375,uM,1.35579858,24.86186494
378774,1,2018-04-21,CALVERT,HAKAI,KWAK_PP;KWAK,2,PRUTH,NUT9851,M,51.6554,-128.0913,30,0.45nm,13,15.88069738,uM,1.452468613,27.5166927
378774,1,2018-04-21,CALVERT,HAKAI,KWAK_PP;KWAK,2,PRUTH,NUT9852,M,51.6554,-128.0913,50,0.45nm,13,16.5435728,uM,1.539042598,28.76671878
378774,1,2018-04-21,CALVERT,HAKAI,KWAK_PP;KWAK,2,PRUTH,NUT9865,M,51.6554,-128.0913,60,0.45nm,13,17.04042101,uM,1.50901415,29.7695843
378982,1,2018-04-21,CALVERT,HAKAI,ROCKY,1,ROCKY04,NUT9732,M,,,0,0.45nm,14,,,,
379049,1,2018-04-22,CALVERT,HAKAI,QCS_V1,2,QCS01,NUT9869,M,51.705,-128.2384,0,0.45nm,13,6.762347958,uM,0.721318891,11.98569097
379049,1,2018-04-22,CALVERT,HAKAI,QCS_V1,2,QCS01,NUT9870,M,51.705,-128.2384,5,0.45nm,13,6.702688388,uM,0.754075737,12.10818966
379049,1,2018-04-22,CALVERT,HAKAI,QCS_V1,2,QCS01,NUT9871,M,51.705,-128.2384,10,0.45nm,13,6.423051751,uM,0.751497916,11.37255751
379049,1,2018-04-22,CALVERT,HAKAI,QCS_V1,2,QCS01,NUT9872,M,51.705,-128.2384,20,0.45nm,13,5.640745732,uM,0.669624532,9.72665256
379049,1,2018-04-22,CALVERT,HAKAI,QCS_V1,2,QCS01,NUT9873,M,51.705,-128.2384,30,0.45nm,13,5.816115784,uM,0.679566528,9.920379781
379049,1,2018-04-22,CALVERT,HAKAI,QCS_V1,2,QCS01,NUT9874,M,51.705,-128.2384,50,0.45nm,13,5.605236562,uM,0.649414642,9.668699747
379049,1,2018-04-22,CALVERT,HAKAI,QCS_V1,2,QCS01,NUT9875,M,51.705,-128.2384,100,0.45nm,13,7.012846921,uM,0.729179594,10.87484514
379049,1,2018-04-22,CALVERT,HAKAI,QCS_V1,2,QCS01,NUT9876,M,51.705,-128.2384,115,0.45nm,13,11.67942812,uM,1.089400791,17.30666836
379769,1,2018-04-22,CALVERT,HAKAI,ROCKY,1,ROCKY05,NUT9783,M,,,0,0.45nm,13,,,,
379240,1,2018-04-30,CALVERT,HAKAI,ROCKY,1,ROCKY02,NUT9798,M,,,0,0.45nm,13,,,,
379776,1,2018-05-01,CALVERT,HAKAI,QCS_V2,1,NBCH01,NUT10007,M,51.6678,-128.1433,0,0.45nm,13,7.800991989,uM,0.85476422,13.550143
379369,1,2018-05-01,CALVERT,HAKAI,QCS_V2,1,WBCH01,NUT10012,M,51.6535,-128.1493,0,0.45nm,13,3.952977504,uM,0.592242021,8.553019225
379776,1,2018-05-01,CALVERT,HAKAI,QCS_V2,1,NBCH01,NUT10008,M,51.6678,-128.1433,5,0.45nm,13,7.715725981,uM,0.834885303,13.39627424
379369,1,2018-05-01,CALVERT,HAKAI,QCS_V2,1,WBCH01,NUT10013,M,51.6535,-128.1493,5,0.45nm,13,5.718039633,uM,0.697952332,10.22003389
379776,1,2018-05-01,CALVERT,HAKAI,QCS_V2,1,NBCH01,NUT10009,M,51.6678,-128.1433,10,0.45nm,13,7.83669799,uM,0.859662055,13.16662288
379356,1,2018-05-01,CALVERT,HAKAI,ROCKY,1,ROCKY05,NUT9786,M,,,0,0.45nm,13,,,,
379359,1,2018-05-02,CALVERT,HAKAI,ROCKY,1,ROCKY04,NUT9789,M,,,0,0.45nm,13,,,,
387522,1,2018-05-15,CALVERT,HAKAI,ROCKY,1,ROCKY02,NUT9703,M,,,0,0.45nm,13,,,,
387753,1,2018-05-16,CALVERT,HAKAI,ROCKY,1,ROCKY04,NUT9788,M,,,0,0.45nm,13,,,,
387756,1,2018-05-17,CALVERT,HAKAI,ROCKY,1,ROCKY05,NUT9707,M,,,0,0.45nm,13,,,,
388100,1,2018-05-19,CALVERT,HAKAI,ROCKY,1,ROCKY06,NUT9729,M,,,0,0.45nm,13,,,,
388141,1,2018-05-20,CALVERT,HAKAI,ROCKY,1,ROCKY03,NUT9726,M,,,0,0.45nm,13,,,,
407523,1,2018-05-21,CALVERT,HAKAI,ROCKY,1,ROCKY07,NUT9795,M,,,0,0.45nm,13,,,,
399505,1,2018-05-26,CALVERT,HAKAI,KWAK_PP,2,PRUTH,NUT10069,M,51.6554,-128.0913,0,0.45nm,13,0.044178908,uM,0.000833052,0.608985513
399505,1,2018-05-26,CALVERT,HAKAI,KWAK_PP,2,PRUTH,NUT10070,M,51.6554,-128.0913,5,0.45nm,13,4.147836106,uM,0.400141119,9.290728336
399505,1,2018-05-26,CALVERT,HAKAI,KWAK_PP,2,PRUTH,NUT10071,M,51.6554,-128.0913,10,0.45nm,13,6.852574772,uM,0.68219259,14.19131415
399505,1,2018-05-26,CALVERT,HAKAI,KWAK_PP,2,PRUTH,NUT10072,M,51.6554,-128.0913,20,0.45nm,13,13.59861656,uM,1.196253546,23.28478777
399505,1,2018-05-26,CALVERT,HAKAI,KWAK_PP,2,PRUTH,NUT10073,M,51.6554,-128.0913,30,0.45nm,13,18.18478727,uM,1.484210148,29.43396239
399505,1,2018-05-26,CALVERT,HAKAI,KWAK_PP,2,PRUTH,NUT10074,M,51.6554,-128.0913,50,0.45nm,13,20.12317772,uM,1.552110554,31.70250337
399505,1,2018-05-26,CALVERT,HAKAI,KWAK_PP,2,PRUTH,NUT10075,M,51.6554,-128.0913,60,0.45nm,13,20.39724382,uM,1.59200138,31.83106846
404835,1,2018-05-29,CALVERT,HAKAI,QCS_V1,1,QCS01,NUT10028,M,51.705,-128.2384,0,0.45nm,13,1.362033179,uM,0.323182732,4.526163366
404835,1,2018-05-29,CALVERT,HAKAI,QCS_V1,1,QCS01,NUT10029,M,51.705,-128.2384,5,0.45nm,13,1.332286959,uM,0.30007706,4.415842185
404835,1,2018-05-29,CALVERT,HAKAI,QCS_V1,1,QCS01,NUT10030,M,51.705,-128.2384,10,0.45nm,13,1.010392916,uM,0.257907555,3.950160652
404835,1,2018-05-29,CALVERT,HAKAI,QCS_V1,1,QCS01,NUT10031,M,51.705,-128.2384,20,0.45nm,13,2.543644497,uM,0.448546839,5.269294592
404835,1,2018-05-29,CALVERT,HAKAI,QCS_V1,1,QCS01,NUT10032,M,51.705,-128.2384,30,0.45nm,13,2.849267031,uM,0.487647368,5.710850421
404835,1,2018-05-29,CALVERT,HAKAI,QCS_V1,1,QCS01,NUT10033,M,51.705,-128.2384,50,0.45nm,13,12.4902395,uM,1.104654012,17.93799714
404835,1,2018-05-29,CALVERT,HAKAI,QCS_V1,1,QCS01,NUT10034,M,51.705,-128.2384,100,0.45nm,13,28.18841415,uM,1.851995786,43.93351972
404835,1,2018-05-29,CALVERT,HAKAI,QCS_V1,1,QCS01,NUT10035,M,51.705,-128.2384,115,0.45nm,13,33.35144772,uM,2.196958012,52.9251317
405393,1,2018-05-29,CALVERT,HAKAI,QCS_V2,1,NBCH01,NUT10060,M,51.6678,-128.1433,0,0.45nm,13,3.854540821,uM,0.511576364,8.889221376
405395,1,2018-05-29,CALVERT,HAKAI,QCS_V2,2,WBCH01,NUT10065,M,51.6535,-128.1493,0,0.45nm,13,1.254533838,uM,0.350271404,5.422251014
405393,1,2018-05-29,CALVERT,HAKAI,QCS_V2,1,NBCH01,NUT10061,M,51.6678,-128.1433,5,0.45nm,13,4.527778009,uM,0.528558307,9.513743396
405395,1,2018-05-29,CALVERT,HAKAI,QCS_V2,2,WBCH01,NUT10066,M,51.6535,-128.1493,5,0.45nm,13,2.901438924,uM,0.401282694,6.641155499
405393,1,2018-05-29,CALVERT,HAKAI,QCS_V2,1,NBCH01,NUT10055,M,51.6678,-128.1433,10,0.45nm,13,4.930243852,uM,0.555860922,9.784792583
406191,1,2018-06-02,CALVERT,HAKAI,ROCKY,1,ROCKY02,NUT9706,M,,,0,0.45nm,13,,,,
406191,2,2018-06-02,CALVERT,HAKAI,ROCKY,1,ROCKY02,NUT9794,M,,,0,0.45nm,13,,,,
406200,1,2018-06-04,CALVERT,HAKAI,ROCKY,1,ROCKY05,NUT9793,M,,,0,0.45nm,13,,,,
408430,1,2018-06-14,CALVERT,HAKAI,ROCKY,1,ROCKY06,NUT9725,M,,,0,0.45nm,13,0.236867584,uM,0.348586984,3.204549295
408507,1,2018-06-15,CALVERT,HAKAI,ROCKY,1,ROCKY03,NUT9728,M,,,0,0.45nm,13,0.428114632,uM,0.276885254,2.61468641
408540,1,2018-06-16,CALVERT,HAKAI,ROCKY,1,ROCKY07,NUT9727,M,,,0,0.45nm,13,0.879259608,uM,0.64838068,10.39885562
408966,1,2018-06-17,CALVERT,HAKAI,KWAK,1,PRUTH,NUT10400,M,51.6554,-128.0913,0,0.45nm,13,0.091189253,uM,0.02106465,0.570708968
408966,1,2018-06-17,CALVERT,HAKAI,KWAK,1,PRUTH,NUT10401,M,51.6554,-128.0913,5,0.45nm,13,0.172097897,uM,0.076233728,2.259874622
408966,1,2018-06-17,CALVERT,HAKAI,KWAK,1,PRUTH,NUT10402,M,51.6554,-128.0913,10,0.45nm,13,2.57070741,uM,0.346059898,5.907634824
408966,1,2018-06-17,CALVERT,HAKAI,KWAK,1,PRUTH,NUT10403,M,51.6554,-128.0913,20,0.45nm,13,9.516872691,uM,0.965955416,16.42988291
408966,1,2018-06-17,CALVERT,HAKAI,KWAK,1,PRUTH,NUT10404,M,51.6554,-128.0913,30,0.45nm,13,13.23330812,uM,1.114406067,22.02158744
408966,1,2018-06-17,CALVERT,HAKAI,KWAK,1,PRUTH,NUT10405,M,51.6554,-128.0913,50,0.45nm,13,22.84912276,uM,1.731285989,36.25071773
408966,1,2018-06-17,CALVERT,HAKAI,KWAK,1,PRUTH,NUT10406,M,51.6554,-128.0913,60,0.45nm,13,23.60693644,uM,1.745323296,37.88496751
411336,1,2018-06-22,CALVERT,HAKAI,QCS_V2,1,NBCH01,NUT10417,M,51.6678,-128.1433,0,0.45nm,13,0.268389366,uM,0.206620999,3.105776922
411335,1,2018-06-22,CALVERT,HAKAI,QCS_V2,1,WBCH01,NUT10422,M,51.6535,-128.1493,0,0.45nm,13,0.153940031,uM,0.253758634,3.506620379
411336,1,2018-06-22,CALVERT,HAKAI,QCS_V2,1,NBCH01,NUT10418,M,51.6678,-128.1433,5,0.45nm,13,0.282619617,uM,0.200602271,3.458284896
411335,1,2018-06-22,CALVERT,HAKAI,QCS_V2,1,WBCH01,NUT10423,M,51.6535,-128.1493,5,0.45nm,13,0.661503865,uM,0.288862662,4.148657876
411336,1,2018-06-22,CALVERT,HAKAI,QCS_V2,1,NBCH01,NUT10419,M,51.6678,-128.1433,10,0.45nm,13,0.314185579,uM,0.225676835,3.78809577
419450,1,2018-07-14,CALVERT,HAKAI,QCS_V1,2,QCS01,NUT10461,M,51.705,-128.2384,0,0.45nm,13,0.072504019,uM,0.004178948,0.538652423
419450,1,2018-07-14,CALVERT,HAKAI,QCS_V1,2,QCS01,NUT10462,M,51.705,-128.2384,5,0.45nm,13,8.464137809,uM,0.710899792,14.87605454
419450,1,2018-07-14,CALVERT,HAKAI,QCS_V1,2,QCS01,NUT10463,M,51.705,-128.2384,10,0.45nm,13,8.88907279,uM,0.770668991,14.43075703
419450,1,2018-07-14,CALVERT,HAKAI,QCS_V1,2,QCS01,NUT10464,M,51.705,-128.2384,20,0.45nm,13,12.02041571,uM,1.058723234,18.32300597
419450,1,2018-07-14,CALVERT,HAKAI,QCS_V1,2,QCS01,NUT10465,M,51.705,-128.2384,30,0.45nm,13,15.9987286,uM,1.299885371,23.99266425
419450,1,2018-07-14,CALVERT,HAKAI,QCS_V1,2,QCS01,NUT10466,M,51.705,-128.2384,50,0.45nm,13,21.74703913,uM,1.539020133,32.68675882
419450,1,2018-07-14,CALVERT,HAKAI,QCS_V1,2,QCS01,NUT10467,M,51.705,-128.2384,100,0.45nm,13,31.83397456,uM,2.044241533,50.30090464
419450,1,2018-07-14,CALVERT,HAKAI,QCS_V1,2,QCS01,NUT10468,M,51.705,-128.2384,115,0.45nm,13,35.89416549,uM,2.464505289,62.76588553
418121,1,2018-07-18,CALVERT,HAKAI,QCS_V2;MACRO_MGEO,1,NBCH01,NUT10519,M,51.6678,-128.1433,0,0.45nm,13,4.674399025,uM,0.595823865,12.05159243
418123,1,2018-07-18,CALVERT,HAKAI,QCS_V2;MACRO_MGEO,1,WBCH01,NUT10524,M,51.6535,-128.1493,0,0.45nm,13,0.130065881,uM,0.217524703,3.020125143
418121,1,2018-07-18,CALVERT,HAKAI,QCS_V2;MACRO_MGEO,1,NBCH01,NUT10520,M,51.6678,-128.1433,5,0.45nm,13,7.45184329,uM,0.784418474,15.22574745
418123,1,2018-07-18,CALVERT,HAKAI,QCS_V2;MACRO_MGEO,1,WBCH01,NUT10525,M,51.6535,-128.1493,5,0.45nm,13,0.084002901,uM,0.228491096,3.024528452
418121,1,2018-07-18,CALVERT,HAKAI,QCS_V2;MACRO_MGEO,1,NBCH01,NUT10521,M,51.6678,-128.1433,10,0.45nm,13,9.890013452,uM,0.91411839,17.45999527
419377,1,2018-07-20,CALVERT,HAKAI,KWAK,1,PRUTH,NUT10469,M,51.6554,-128.0913,0,0.45nm,13,0.109026812,uM,0,0.112561641
419377,1,2018-07-20,CALVERT,HAKAI,KWAK,1,PRUTH,NUT10470,M,51.6554,-128.0913,5,0.45nm,13,0.017836655,uM,0.007378529,0.124396666
419377,1,2018-07-20,CALVERT,HAKAI,KWAK,1,PRUTH,NUT10471,M,51.6554,-128.0913,10,0.45nm,13,9.180796453,uM,0.745273859,11.65252475
419377,1,2018-07-20,CALVERT,HAKAI,KWAK,1,PRUTH,NUT10472,M,51.6554,-128.0913,20,0.45nm,13,19.03783207,uM,1.448599237,29.82697374
419377,1,2018-07-20,CALVERT,HAKAI,KWAK,1,PRUTH,NUT10473,M,51.6554,-128.0913,30,0.45nm,13,23.04790964,uM,1.685597046,37.73611758
419377,1,2018-07-20,CALVERT,HAKAI,KWAK,1,PRUTH,NUT10500,M,51.6554,-128.0913,50,0.45nm,13,28.4272508,uM,2.033788231,45.86303564
419377,1,2018-07-20,CALVERT,HAKAI,KWAK,1,PRUTH,NUT10501,M,51.6554,-128.0913,60,0.45nm,13,29.51724721,uM,2.166552394,48.50585573
420211,1,2018-07-23,CALVERT,HAKAI,ROCKY,1,ROCKY04,NUT9704,M,,,0,0.45nm,13,1.574315412,uM,0.567675451,10.09606665
420208,1,2018-07-25,CALVERT,HAKAI,ROCKY,1,ROCKY02,NUT9705,M,,,0,0.45nm,13,0.123673795,uM,0.498963685,6.209234808
420213,1,2018-07-26,CALVERT,HAKAI,ROCKY,1,ROCKY05,NUT9721,M,,,0,0.45nm,13,5.618156034,uM,0.811698561,18.56682316
422161,1,2018-08-11,CALVERT,HAKAI,ROCKY,1,ROCKY07,NUT9710,M,,,0,0.45nm,13,5.904092351,uM,0.970120985,17.5879954
422206,1,2018-08-12,CALVERT,HAKAI,ROCKY,1,ROCKY03,NUT9702,M,,,0,0.45nm,13,1.814060833,uM,0.377485433,4.604574324
422500,1,2018-08-13,CALVERT,HAKAI,ROCKY,1,ROCKY06,NUT9752,M,,,0,0.45nm,13,1.061103853,uM,0.602598813,8.970699002
422486,1,2018-08-14,CALVERT,HAKAI,ROCKY,1,ROCKY02,NUT9747,M,,,0,0.45nm,14,,,,
422503,1,2018-08-15,CALVERT,HAKAI,ROCKY,1,ROCKY05,NUT9749,M,,,0,0.45nm,14,,,,
422565,1,2018-08-16,CALVERT,HAKAI,ROCKY,1,ROCKY04,NUT9750,M,,,0,0.45nm,14,,,,
427138,1,2018-08-24,CALVERT,HAKAI,KWAK,1,PRUTH,NUT10599,M,51.6554,-128.0913,0,0.45nm,13,0.139513682,uM,0.030887976,0.244789482
427138,1,2018-08-24,CALVERT,HAKAI,KWAK,1,PRUTH,NUT10600,M,51.6554,-128.0913,5,0.45nm,13,3.187910447,uM,0.416495199,10.26365032
427138,1,2018-08-24,CALVERT,HAKAI,KWAK,1,PRUTH,NUT10601,M,51.6554,-128.0913,10,0.45nm,13,14.00465418,uM,1.213631844,25.59245101
427138,1,2018-08-24,CALVERT,HAKAI,KWAK,1,PRUTH,NUT10602,M,51.6554,-128.0913,20,0.45nm,13,20.75284323,uM,1.683962194,34.86192488
427138,1,2018-08-24,CALVERT,HAKAI,KWAK,1,PRUTH,NUT10603,M,51.6554,-128.0913,30,0.45nm,13,22.47602977,uM,1.783629395,36.92064589
427138,1,2018-08-24,CALVERT,HAKAI,KWAK,1,PRUTH,NUT10604,M,51.6554,-128.0913,50,0.45nm,13,29.0731197,uM,2.045721442,49.76995808
427138,1,2018-08-24,CALVERT,HAKAI,KWAK,1,PRUTH,NUT10605,M,51.6554,-128.0913,60,0.45nm,13,29.62320937,uM,2.239064364,51.35523668
427647,1,2018-08-28,CALVERT,HAKAI,QCS_V1,2,QCS01,NUT10620,M,51.705,-128.2384,0,0.45nm,13,8.047785819,uM,0.657822518,14.74851874
427647,1,2018-08-28,CALVERT,HAKAI,QCS_V1,2,QCS01,NUT10621,M,51.705,-128.2384,5,0.45nm,13,8.249059854,uM,0.683727357,14.69959362
427647,1,2018-08-28,CALVERT,HAKAI,QCS_V1,2,QCS01,NUT10622,M,51.705,-128.2384,10,0.45nm,13,11.70971038,uM,1.016606902,18.71227681
427647,1,2018-08-28,CALVERT,HAKAI,QCS_V1,2,QCS01,NUT10623,M,51.705,-128.2384,20,0.45nm,13,18.77193776,uM,1.53606345,28.99972897
427647,1,2018-08-28,CALVERT,HAKAI,QCS_V1,2,QCS01,NUT10624,M,51.705,-128.2384,30,0.45nm,13,22.27528641,uM,1.729418244,33.42644665
427647,1,2018-08-28,CALVERT,HAKAI,QCS_V1,2,QCS01,CM064,M,51.705,-128.2384,50,0.45nm,13,,,,
427647,1,2018-08-28,CALVERT,HAKAI,QCS_V1,2,QCS01,NUT10626,M,51.705,-128.2384,100,0.45nm,13,33.27143588,uM,2.173953562,51.78048121
427647,1,2018-08-28,CALVERT,HAKAI,QCS_V1,2,QCS01,NUT10627,M,51.705,-128.2384,115,0.45nm,13,35.01527022,uM,2.334401365,51.08825412
427770,1,2018-08-29,CALVERT,HAKAI,QCS_V2,1,NBCH01,NUT10638,M,51.6678,-128.1433,0,0.45nm,13,12.67192234,uM,1.164104949,20.90934073
427762,1,2018-08-29,CALVERT,HAKAI,QCS_V2,1,WBCH01,NUT10643,M,51.6535,-128.1493,0,0.45nm,13,6.826978292,uM,0.75686947,12.31668632
427770,1,2018-08-29,CALVERT,HAKAI,QCS_V2,1,NBCH01,NUT10639,M,51.6678,-128.1433,5,0.45nm,13,13.78846966,uM,1.256732752,22.8140905
427762,1,2018-08-29,CALVERT,HAKAI,QCS_V2,1,WBCH01,NUT10644,M,51.6535,-128.1493,5,0.45nm,13,7.251716205,uM,0.792742919,13.06081328
427770,1,2018-08-29,CALVERT,HAKAI,QCS_V2,1,NBCH01,NUT10640,M,51.6678,-128.1433,10,0.45nm,13,13.83575227,uM,1.255754141,22.86270794
429171,1,2018-09-11,CALVERT,HAKAI,KWAK,1,PRUTH,NUT10625,M,51.6554,-128.0913,0,0.45nm,13,,,,
429171,1,2018-09-11,CALVERT,HAKAI,KWAK,1,PRUTH,NUT10645,M,51.6554,-128.0913,5,0.45nm,13,,,,
429171,1,2018-09-11,CALVERT,HAKAI,KWAK,1,PRUTH,NUT10646,M,51.6554,-128.0913,10,0.45nm,13,,,,
429171,1,2018-09-11,CALVERT,HAKAI,KWAK,1,PRUTH,NUT10647,M,51.6554,-128.0913,20,0.45nm,13,,,,
429171,1,2018-09-11,CALVERT,HAKAI,KWAK,1,PRUTH,NUT10648,M,51.6554,-128.0913,30,0.45nm,13,,,,
429171,1,2018-09-11,CALVERT,HAKAI,KWAK,1,PRUTH,NUT10649,M,51.6554,-128.0913,50,0.45nm,13,,,,
429171,1,2018-09-11,CALVERT,HAKAI,KWAK,1,PRUTH,NUT10650,M,51.6554,-128.0913,60,0.45nm,13,,,,
434194,1,2018-09-11,CALVERT,HAKAI,ROCKY,1,ROCKY02,NUT9751,M,,,0,0.45nm,14,,,,
434195,1,2018-09-11,CALVERT,HAKAI,ROCKY,1,ROCKY07,NUT9799,M,,,0,0.45nm,13,,,,
434196,1,2018-09-12,CALVERT,HAKAI,ROCKY,1,ROCKY05,NUT9720,M,,,0,0.45nm,14,,,,
430718,1,2018-09-13,CALVERT,HAKAI,QCS_V1,1,QCS01,NUT10653,M,51.705,-128.2384,0,0.45nm,13,,,,
430718,1,2018-09-13,CALVERT,HAKAI,QCS_V1,1,QCS01,NUT10654,M,51.705,-128.2384,5,0.45nm,13,,,,
430718,1,2018-09-13,CALVERT,HAKAI,QCS_V1,1,QCS01,NUT10655,M,51.705,-128.2384,10,0.45nm,13,,,,
430718,1,2018-09-13,CALVERT,HAKAI,QCS_V1,1,QCS01,NUT10656,M,51.705,-128.2384,20,0.45nm,13,,,,
430718,1,2018-09-13,CALVERT,HAKAI,QCS_V1,1,QCS01,NUT10657,M,51.705,-128.2384,30,0.45nm,13,,,,
430718,1,2018-09-13,CALVERT,HAKAI,QCS_V1,1,QCS01,NUT10658,M,51.705,-128.2384,50,0.45nm,13,,,,
430718,1,2018-09-13,CALVERT,HAKAI,QCS_V1,1,QCS01,NUT10659,M,51.705,-128.2384,100,0.45nm,13,,,,
430718,1,2018-09-13,CALVERT,HAKAI,QCS_V1,1,QCS01,NUT10660,M,51.705,-128.2384,115,0.45nm,13,,,,
434197,1,2018-09-13,CALVERT,HAKAI,ROCKY,1,ROCKY03,NUT9715,M,,,0,0.45nm,14,,,,
455460,1,2018-09-13,CALVERT,HAKAI,ROCKY,1,ROCKY04,NUT9736,M,,,0,0.45nm,13,,,,
434198,1,2018-09-13,CALVERT,HAKAI,ROCKY,1,ROCKY06,NUT9746,M,,,0,0.45nm,14,,,,
431020,1,2018-09-17,CALVERT,HAKAI,QCS_V2,1,NBCH01,NUT10708,M,51.6678,-128.1433,0,0.45nm,13,,,,
431019,1,2018-09-17,CALVERT,HAKAI,QCS_V2,1,WBCH01,NUT10713,M,51.6535,-128.1493,0,0.45nm,13,,,,
431020,1,2018-09-17,CALVERT,HAKAI,QCS_V2,1,NBCH01,NUT10709,M,51.6678,-128.1433,5,0.45nm,13,,,,
431019,1,2018-09-17,CALVERT,HAKAI,QCS_V2,1,WBCH01,NUT10714,M,51.6535,-128.1493,5,0.45nm,13,,,,
431020,1,2018-09-17,CALVERT,HAKAI,QCS_V2,1,NBCH01,NUT10710,M,51.6678,-128.1433,10,0.45nm,13,,,,
435708,1,2018-10-10,CALVERT,HAKAI,ROCKY,1,ROCKY02,NUT9745,M,,,0,0.45nm,14,,,,
435720,1,2018-10-11,CALVERT,HAKAI,ROCKY,1,ROCKY05,NUT9744,M,,,0,0.45nm,14,,,,
445659,1,2018-10-12,CALVERT,HAKAI,ROCKY,1,ROCKY04,NUT9743,M,,,0,0.45nm,13,,,,
439397,1,2018-10-25,CALVERT,HAKAI,KWAK,1,PRUTH,NUT10734,M,51.6554,-128.0913,0,0.45um,13,,,,
439397,1,2018-10-25,CALVERT,HAKAI,KWAK,1,PRUTH,NUT10735,M,51.6554,-128.0913,5,0.45um,13,,,,
439397,1,2018-10-25,CALVERT,HAKAI,KWAK,1,PRUTH,NUT10736,M,51.6554,-128.0913,10,0.45um,13,,,,
439397,1,2018-10-25,CALVERT,HAKAI,KWAK,1,PRUTH,NUT10737,M,51.6554,-128.0913,20,0.45um,13,,,,
439397,1,2018-10-25,CALVERT,HAKAI,KWAK,1,PRUTH,NUT10738,M,51.6554,-128.0913,30,0.45um,13,,,,
439397,1,2018-10-25,CALVERT,HAKAI,KWAK,1,PRUTH,NUT10739,M,51.6554,-128.0913,50,0.45um,13,,,,
439397,1,2018-10-25,CALVERT,HAKAI,KWAK,1,PRUTH,NUT10740,M,51.6554,-128.0913,60,0.45um,13,,,,
445928,1,2018-11-20,CALVERT,HAKAI,ROCKY,1,ROCKY05,NUT9742,M,,,0,0.45nm,14,,,,
447164,1,2018-11-21,CALVERT,HAKAI,ROCKY,1,ROCKY02,NUT9724,M,,,0,0.45nm,14,,,,
447185,1,2018-11-22,CALVERT,HAKAI,ROCKY,1,ROCKY07,NUT9722,M,,,0,0.45nm,13,,,,
447188,1,2018-11-22,CALVERT,HAKAI,ROCKY,1,ROCKY04,NUT9723,M,,,0,0.45nm,14,,,,
447310,1,2018-11-23,CALVERT,HAKAI,KWAK,1,PRUTH,NUT10751,M,51.6554,-128.0913,0,0.45nm,13,,,,
447310,1,2018-11-23,CALVERT,HAKAI,KWAK,1,PRUTH,NUT10752,M,51.6554,-128.0913,5,0.45nm,13,,,,
447310,1,2018-11-23,CALVERT,HAKAI,KWAK,1,PRUTH,NUT10753,M,51.6554,-128.0913,10,0.45nm,13,,,,
447310,1,2018-11-23,CALVERT,HAKAI,KWAK,1,PRUTH,NUT10754,M,51.6554,-128.0913,20,0.45nm,13,,,,
447310,1,2018-11-23,CALVERT,HAKAI,KWAK,1,PRUTH,NUT10755,M,51.6554,-128.0913,30,0.45nm,13,,,,
447310,1,2018-11-23,CALVERT,HAKAI,KWAK,1,PRUTH,NUT10756,M,51.6554,-128.0913,50,0.45nm,13,,,,
447310,1,2018-11-23,CALVERT,HAKAI,KWAK,1,PRUTH,NUT10757,M,51.6554,-128.0913,60,0.45nm,13,,,,
447333,1,2018-11-23,CALVERT,HAKAI,ROCKY,1,ROCKY03,NUT9719,M,,,0,0.45nm,14,,,,
447338,1,2018-11-24,CALVERT,HAKAI,ROCKY,1,ROCKY06,NUT9716,M,,,0,0.45nm,14,,,,
458452,1,2019-01-20,CALVERT,HAKAI,ROCKY,1,ROCKY04,NUT9708,M,,,0,0.45nm,13,,,,
458647,1,2019-01-22,CALVERT,HAKAI,ROCKY,1,ROCKY02,NUT9748,M,,,0,0.45nm,13,,,,
458811,1,2019-01-23,CALVERT,HAKAI,KWAK,1,PRUTH,NUT10799,M,51.6554,-128.0913,0,0.45nm,13,,,,
458811,1,2019-01-23,CALVERT,HAKAI,KWAK,1,PRUTH,NUT10800,M,51.6554,-128.0913,5,0.45nm,13,,,,
458811,1,2019-01-23,CALVERT,HAKAI,KWAK,1,PRUTH,NUT10801,M,51.6554,-128.0913,10,0.45nm,13,,,,
458811,1,2019-01-23,CALVERT,HAKAI,KWAK,1,PRUTH,NUT10802,M,51.6554,-128.0913,20,0.45nm,13,,,,
458811,1,2019-01-23,CALVERT,HAKAI,KWAK,1,PRUTH,NUT10803,M,51.6554,-128.0913,30,0.45nm,13,,,,
458811,1,2019-01-23,CALVERT,HAKAI,KWAK,1,PRUTH,NUT10804,M,51.6554,-128.0913,50,0.45nm,13,,,,
458811,1,2019-01-23,CALVERT,HAKAI,KWAK,1,PRUTH,NUT10805,M,51.6554,-128.0913,60,0.45nm,13,,,,
458650,1,2019-01-24,CALVERT,HAKAI,ROCKY,1,ROCKY05,NUT9709,M,,,0,0.45nm,13,,,,
470815,1,2019-02-14,CALVERT,HAKAI,KWAK,2,PRUTH,NUT10829,M,51.6554,-128.0913,0,0.45nm,13,,,,
470815,1,2019-02-14,CALVERT,HAKAI,KWAK,2,PRUTH,NUT10830,M,51.6554,-128.0913,5,0.45nm,13,,,,
470815,1,2019-02-14,CALVERT,HAKAI,KWAK,2,PRUTH,NUT10831,M,51.6554,-128.0913,10,0.45nm,13,,,,
470815,1,2019-02-14,CALVERT,HAKAI,KWAK,2,PRUTH,CM066,M,51.6554,-128.0913,20,0.45nm,0,,,,
470815,1,2019-02-14,CALVERT,HAKAI,KWAK,2,PRUTH,NUT10833,M,51.6554,-128.0913,30,0.45nm,13,,,,
470815,1,2019-02-14,CALVERT,HAKAI,KWAK,2,PRUTH,NUT10834,M,51.6554,-128.0913,50,0.45nm,13,,,,
470815,1,2019-02-14,CALVERT,HAKAI,KWAK,2,PRUTH,NUT10835,M,51.6554,-128.0913,60,0.45nm,13,,,,
470804,1,2019-02-15,CALVERT,HAKAI,ROCKY,1,ROCKY05,NUT9714,M,,,0,0.45nm,14,,,,
471106,1,2019-02-16,CALVERT,HAKAI,ROCKY,1,ROCKY04,NUT9711,M,,,0,0.45nm,14,,,,
472411,1,2019-02-20,CALVERT,HAKAI,ROCKY,1,ROCKY02,NUT9712,M,,,0,0.45nm,14,,,,
472425,1,2019-02-20,CALVERT,HAKAI,ROCKY,1,ROCKY07,NUT9717,M,,,0,0.45nm,14,,,,
472429,1,2019-02-20,CALVERT,HAKAI,ROCKY,1,ROCKY03,NUT9718,M,,,0,0.45nm,14,,,,
472570,1,2019-02-21,CALVERT,HAKAI,ROCKY,1,ROCKY06,NUT9713,M,,,0,0.45nm,14,,,,
504421,1,2019-03-13,CALVERT,HAKAI,KWAK,2,PRUTH,NUT10824,M,51.6554,-128.0913,0,0.45nm,13,,,,
504421,1,2019-03-13,CALVERT,HAKAI,KWAK,2,PRUTH,NUT10825,M,51.6554,-128.0913,5,0.45nm,13,,,,
504421,1,2019-03-13,CALVERT,HAKAI,KWAK,2,PRUTH,NUT10826,M,51.6554,-128.0913,10,0.45nm,13,,,,
504421,1,2019-03-13,CALVERT,HAKAI,KWAK,2,PRUTH,NUT10827,M,51.6554,-128.0913,20,0.45nm,13,,,,
504421,1,2019-03-13,CALVERT,HAKAI,KWAK,2,PRUTH,NUT10828,M,51.6554,-128.0913,30,0.45nm,13,,,,
504421,1,2019-03-13,CALVERT,HAKAI,KWAK,2,PRUTH,NUT10854,M,51.6554,-128.0913,50,0.45nm,13,,,,
494497,1,2019-03-13,CALVERT,HAKAI,KWAK,3,PRUTH,NUT10855,M,51.6554,-128.0913,60,0.45nm,13,,,,
503477,1,2019-03-23,CALVERT,HAKAI,ROCKY,1,ROCKY04,NUT10731,M,,,0,0.45nm,13,,,,
503480,1,2019-03-24,CALVERT,HAKAI,ROCKY,1,ROCKY05,NUT10729,M,,,0,0.45nm,13,,,,
508092,1,2019-04-16,CALVERT,HAKAI,KWAK,1,PRUTH,NUT10881,M,51.6554,-128.0913,0,0.45nm,13,,,,
508092,1,2019-04-16,CALVERT,HAKAI,KWAK,1,PRUTH,NUT10882,M,51.6554,-128.0913,5,0.45nm,13,,,,
508092,1,2019-04-16,CALVERT,HAKAI,KWAK,1,PRUTH,NUT10883,M,51.6554,-128.0913,10,0.45nm,13,,,,
508092,1,2019-04-16,CALVERT,HAKAI,KWAK,1,PRUTH,NUT10884,M,51.6554,-128.0913,20,0.45nm,13,,,,
508092,1,2019-04-16,CALVERT,HAKAI,KWAK,1,PRUTH,NUT10885,M,51.6554,-128.0913,30,0.45nm,13,,,,
508092,1,2019-04-16,CALVERT,HAKAI,KWAK,1,PRUTH,NUT10886,M,51.6554,-128.0913,50,0.45nm,13,,,,
508092,1,2019-04-16,CALVERT,HAKAI,KWAK,1,PRUTH,NUT10887,M,51.6554,-128.0913,60,0.45nm,13,,,,
509136,1,2019-04-24,CALVERT,HAKAI,ROCKY,1,ROCKY04,NUT11820,M,,,0,0.45nm,14,,,,
509143,1,2019-04-25,CALVERT,HAKAI,ROCKY,1,ROCKY05,NUT11821,M,,,0,0.45nm,14,,,,
510720,1,2019-04-26,CALVERT,HAKAI,ROCKY,1,ROCKY02,NUT11822,M,,,0,0.45nm,13,,,,
512537,1,2019-05-11,CALVERT,HAKAI,KWAK,1,PRUTH,NUT10888,M,51.6554,-128.0913,0,0.45nm,13,,,,
512539,1,2019-05-11,CALVERT,HAKAI,KWAK,2,PRUTH,NUT10889,M,51.6554,-128.0913,5,0.45nm,13,,,,
512537,1,2019-05-11,CALVERT,HAKAI,KWAK,1,PRUTH,NUT10890,M,51.6554,-128.0913,10,0.45nm,13,,,,
512537,1,2019-05-11,CALVERT,HAKAI,KWAK,1,PRUTH,NUT10891,M,51.6554,-128.0913,20,0.45nm,13,,,,
512537,1,2019-05-11,CALVERT,HAKAI,KWAK,1,PRUTH,NUT10892,M,51.6554,-128.0913,30,0.45nm,13,,,,
512537,1,2019-05-11,CALVERT,HAKAI,KWAK,1,PRUTH,NUT10893,M,51.6554,-128.0913,50,0.45nm,13,,,,
512537,1,2019-05-11,CALVERT,HAKAI,KWAK,1,PRUTH,NUT10894,M,51.6554,-128.0913,60,0.45nm,13,,,,
511965,1,2019-05-13,CALVERT,HAKAI,QCS_V1,1,QCS01,NUT10741,M,51.705,-128.2384,0,0.45nm,13,,,,
511965,1,2019-05-13,CALVERT,HAKAI,QCS_V1,1,QCS01,NUT10742,M,51.705,-128.2384,5,0.45nm,13,,,,
511965,1,2019-05-13,CALVERT,HAKAI,QCS_V1,1,QCS01,NUT10743,M,51.705,-128.2384,10,0.45nm,13,,,,
511965,1,2019-05-13,CALVERT,HAKAI,QCS_V1,1,QCS01,NUT10744,M,51.705,-128.2384,20,0.45nm,13,,,,
511965,1,2019-05-13,CALVERT,HAKAI,QCS_V1,1,QCS01,NUT10745,M,51.705,-128.2384,30,0.45nm,13,,,,
511965,1,2019-05-13,CALVERT,HAKAI,QCS_V1,1,QCS01,NUT10746,M,51.705,-128.2384,50,0.45nm,13,,,,
511965,1,2019-05-13,CALVERT,HAKAI,QCS_V1,1,QCS01,NUT10747,M,51.705,-128.2384,100,0.45nm,13,,,,
511965,1,2019-05-13,CALVERT,HAKAI,QCS_V1,1,QCS01,NUT10748,M,51.705,-128.2384,115,0.45nm,13,,,,
512504,1,2019-05-15,CALVERT,HAKAI,QCS_V2,1,NBCH01,NUT10920,M,51.6678,-128.1433,0,0.45nm,13,,,,
512505,1,2019-05-15,CALVERT,HAKAI,QCS_V2,1,WBCH01,NUT10923,M,51.6535,-128.1493,0,0.45nm,13,,,,
512504,1,2019-05-15,CALVERT,HAKAI,QCS_V2,1,NBCH01,NUT10921,M,51.6678,-128.1433,5,0.45nm,13,,,,
512505,1,2019-05-15,CALVERT,HAKAI,QCS_V2,1,WBCH01,NUT10924,M,51.6535,-128.1493,5,0.45nm,13,,,,
512504,1,2019-05-15,CALVERT,HAKAI,QCS_V2,1,NBCH01,NUT10922,M,51.6678,-128.1433,10,0.45nm,13,,,,
512794,1,2019-05-18,CALVERT,HAKAI,ROCKY,1,ROCKY02,NUT11826,M,,,0,0.45nm,14,,,,
512821,1,2019-05-19,CALVERT,HAKAI,ROCKY,1,ROCKY05,NUT11824,M,,,0,0.45nm,14,,,,
512824,1,2019-05-20,CALVERT,HAKAI,ROCKY,1,ROCKY04,NUT11825,M,,,0,0.45nm,14,,,,
512958,1,2019-05-20,CALVERT,HAKAI,ROCKY,1,ROCKY03,NUT11829,M,,,0,0.45nm,14,,,,
512961,1,2019-05-22,CALVERT,HAKAI,ROCKY,1,ROCKY07,NUT11828,M,,,0,0.45nm,14,,,,
513007,1,2019-05-23,CALVERT,HAKAI,ROCKY,1,ROCKY06,NUT11827,M,,,0,0.45nm,14,,,,
517520,1,2019-06-04,CALVERT,HAKAI,ROCKY,1,ROCKY02,NUT11831,M,,,0,0.45nm,13,,,,
521262,1,2019-06-05,CALVERT,HAKAI,ROCKY,1,ROCKY05,NUT11832,M,,,0,0.45nm,13,,,,
521265,1,2019-06-06,CALVERT,HAKAI,ROCKY,1,ROCKY04,NUT11833,M,,,0,0.45nm,13,,,,
521308,1,2019-06-09,CALVERT,HAKAI,QCS_V1,2,QCS01,NUT10929,M,51.705,-128.2384,0,0.45nm,13,,,,
521308,1,2019-06-09,CALVERT,HAKAI,QCS_V1,2,QCS01,NUT10930,M,51.705,-128.2384,5,0.45nm,13,,,,
521308,1,2019-06-09,CALVERT,HAKAI,QCS_V1,2,QCS01,CM069,M,51.705,-128.2384,10,0.45nm,13,,,,
521308,1,2019-06-09,CALVERT,HAKAI,QCS_V1,2,QCS01,CM070,M,51.705,-128.2384,20,0.45nm,13,,,,
521308,1,2019-06-09,CALVERT,HAKAI,QCS_V1,2,QCS01,CM071,M,51.705,-128.2384,30,0.45nm,13,,,,
521308,1,2019-06-09,CALVERT,HAKAI,QCS_V1,2,QCS01,CM072,M,51.705,-128.2384,50,0.45nm,13,,,,
521308,1,2019-06-09,CALVERT,HAKAI,QCS_V1,2,QCS01,CM073,M,51.705,-128.2384,100,0.45nm,13,,,,
521308,1,2019-06-09,CALVERT,HAKAI,QCS_V1,2,QCS01,CM074,M,51.705,-128.2384,115,0.45nm,13,,,,
521371,1,2019-06-10,CALVERT,HAKAI,KWAK,3,PRUTH,NUT10955,M,51.6554,-128.0913,0,0.45nm,13,,,,
521371,1,2019-06-10,CALVERT,HAKAI,KWAK,3,PRUTH,NUT10956,M,51.6554,-128.0913,5,0.45nm,13,,,,
521371,1,2019-06-10,CALVERT,HAKAI,KWAK,3,PRUTH,NUT10957,M,51.6554,-128.0913,10,0.45nm,13,,,,
521371,1,2019-06-10,CALVERT,HAKAI,KWAK,3,PRUTH,NUT10958,M,51.6554,-128.0913,20,0.45nm,13,,,,
521371,1,2019-06-10,CALVERT,HAKAI,KWAK,3,PRUTH,NUT10959,M,51.6554,-128.0913,30,0.45nm,13,,,,
521371,1,2019-06-10,CALVERT,HAKAI,KWAK,3,PRUTH,NUT10960,M,51.6554,-128.0913,50,0.45nm,13,,,,
521371,1,2019-06-10,CALVERT,HAKAI,KWAK,3,PRUTH,NUT10961,M,51.6554,-128.0913,60,0.45nm,9,,,,
521470,1,2019-06-15,CALVERT,HAKAI,ROCKY,1,ROCKY03,NUT11834,M,,,0,0.45nm,13,,,,
521473,1,2019-06-16,CALVERT,HAKAI,ROCKY,1,ROCKY06,NUT11835,M,,,0,0.45nm,13,,,,
521870,1,2019-06-17,CALVERT,HAKAI,ROCKY,1,ROCKY07,NUT11836,M,,,0,0.45nm,13,,,,
521991,1,2019-06-21,CALVERT,HAKAI,ROCKY,1,ROCKY02,NUT11837,M,,,0,0.45nm,13,,,,
521995,1,2019-06-22,CALVERT,HAKAI,ROCKY,1,ROCKY05,NUT11838,M,,,0,0.45nm,13,,,,
522008,1,2019-06-23,CALVERT,HAKAI,ROCKY,1,ROCKY04,NUT11839,M,,,0,0.45nm,13,,,,
524343,1,2019-07-07,CALVERT,HAKAI,QCS_V1,2,QCS01,NUT11028,M,51.705,-128.2384,0,0.45nm,13,,,,
524343,1,2019-07-07,CALVERT,HAKAI,QCS_V1,2,QCS01,NUT11029,M,51.705,-128.2384,5,0.45nm,13,,,,
524343,1,2019-07-07,CALVERT,HAKAI,QCS_V1,2,QCS01,NUT10931,M,51.705,-128.2384,10,0.45nm,13,,,,
524343,1,2019-07-07,CALVERT,HAKAI,QCS_V1,2,QCS01,NUT10932,M,51.705,-128.2384,20,0.45nm,13,,,,
524343,1,2019-07-07,CALVERT,HAKAI,QCS_V1,2,QCS01,NUT10933,M,51.705,-128.2384,30,0.45nm,13,,,,
524343,1,2019-07-07,CALVERT,HAKAI,QCS_V1,2,QCS01,NUT10934,M,51.705,-128.2384,50,0.45nm,13,,,,
524343,1,2019-07-07,CALVERT,HAKAI,QCS_V1,2,QCS01,NUT10935,M,51.705,-128.2384,100,0.45nm,13,,,,
524343,1,2019-07-07,CALVERT,HAKAI,QCS_V1,2,QCS01,NUT10936,M,51.705,-128.2384,115,0.45nm,13,,,,
524223,1,2019-07-08,CALVERT,HAKAI,MACRO_MGEO,2,NBCH01,NUT11006,M,51.6678,-128.1433,0,0.45nm,13,,,,
524224,1,2019-07-08,CALVERT,HAKAI,MACRO_MGEO,2,WBCH01,NUT11008,M,51.6535,-128.1493,0,0.45nm,13,,,,
524223,1,2019-07-08,CALVERT,HAKAI,MACRO_MGEO,2,NBCH01,NUT11007,M,51.6678,-128.1433,5,0.45nm,13,,,,
524224,1,2019-07-08,CALVERT,HAKAI,MACRO_MGEO,2,WBCH01,NUT11009,M,51.6535,-128.1493,5,0.45nm,13,,,,
524223,1,2019-07-08,CALVERT,HAKAI,MACRO_MGEO,2,NBCH01,NUT11034,M,51.6678,-128.1433,10,0.45nm,13,,,,
524980,1,2019-07-16,CALVERT,HAKAI,ROCKY,1,ROCKY02,NUT11842,M,,,0,0.45nm,13,,,,
525129,1,2019-07-17,CALVERT,HAKAI,ROCKY,1,ROCKY04,NUT11841,M,,,0,0.45nm,13,,,,
525177,1,2019-07-18,CALVERT,HAKAI,ROCKY,1,ROCKY05,NUT11840,M,,,0,0.45nm,13,,,,
1059113,1,2019-08-03,CALVERT,HAKAI,KWAK,1,PRUTH,NUT11021,M,51.6554,-128.0913,0,0.45nm,13,,,,
1059113,1,2019-08-03,CALVERT,HAKAI,KWAK,1,PRUTH,NUT11022,M,51.6554,-128.0913,5,0.45nm,13,,,,
1059113,1,2019-08-03,CALVERT,HAKAI,KWAK,1,PRUTH,NUT11023,M,51.6554,-128.0913,10,0.45nm,13,,,,
1059113,1,2019-08-03,CALVERT,HAKAI,KWAK,1,PRUTH,NUT11024,M,51.6554,-128.0913,20,0.45nm,13,,,,
1059113,1,2019-08-03,CALVERT,HAKAI,KWAK,1,PRUTH,NUT11025,M,51.6554,-128.0913,30,0.45nm,13,,,,
1059113,1,2019-08-03,CALVERT,HAKAI,KWAK,1,PRUTH,NUT11026,M,51.6554,-128.0913,50,0.45nm,13,,,,
1059113,1,2019-08-03,CALVERT,HAKAI,KWAK,1,PRUTH,NUT11027,M,51.6554,-128.0913,60,0.45nm,13,,,,
1058444,1,2019-08-06,CALVERT,HAKAI,QCS_V1,1,QCS01,NUT11037,M,51.705,-128.2384,0,0.45nm,13,,,,
1058444,1,2019-08-06,CALVERT,HAKAI,QCS_V1,1,QCS01,NUT11038,M,51.705,-128.2384,5,0.45nm,13,,,,
1058444,1,2019-08-06,CALVERT,HAKAI,QCS_V1,1,QCS01,NUT11039,M,51.705,-128.2384,10,0.45nm,13,,,,
1058444,1,2019-08-06,CALVERT,HAKAI,QCS_V1,1,QCS01,NUT11040,M,51.705,-128.2384,20,0.45nm,13,,,,
1058444,1,2019-08-06,CALVERT,HAKAI,QCS_V1,1,QCS01,NUT11041,M,51.705,-128.2384,30,0.45nm,13,,,,
1058444,1,2019-08-06,CALVERT,HAKAI,QCS_V1,1,QCS01,NUT11042,M,51.705,-128.2384,50,0.45nm,13,,,,
1058444,1,2019-08-06,CALVERT,HAKAI,QCS_V1,1,QCS01,NUT11043,M,51.705,-128.2384,100,0.45nm,13,,,,
1058444,1,2019-08-06,CALVERT,HAKAI,QCS_V1,1,QCS01,NUT11044,M,51.705,-128.2384,115,0.45nm,13,,,,
1599188,1,2019-08-28,CALVERT,HAKAI,ROCKY,1,ROCKY06,NUT11843,M,,,0,0.45nm,13,,,,
1599262,1,2019-08-29,CALVERT,HAKAI,ROCKY,1,ROCKY03,NUT11845,M,,,0,0.45nm,13,,,,
1599380,1,2019-08-31,CALVERT,HAKAI,QCS_V1,1,QCS01,NUT11071,M,51.705,-128.2384,0,0.45nm,13,,,,
1599380,1,2019-08-31,CALVERT,HAKAI,QCS_V1,1,QCS01,NUT11072,M,51.705,-128.2384,5,0.45nm,13,,,,
1599380,1,2019-08-31,CALVERT,HAKAI,QCS_V1,1,QCS01,NUT11073,M,51.705,-128.2384,10,0.45nm,13,,,,
1599380,1,2019-08-31,CALVERT,HAKAI,QCS_V1,1,QCS01,NUT11074,M,51.705,-128.2384,20,0.45nm,13,,,,
1599380,1,2019-08-31,CALVERT,HAKAI,QCS_V1,1,QCS01,NUT11075,M,51.705,-128.2384,30,0.45nm,13,,,,
1599380,1,2019-08-31,CALVERT,HAKAI,QCS_V1,1,QCS01,NUT11076,M,51.705,-128.2384,50,0.45nm,13,,,,
1599380,1,2019-08-31,CALVERT,HAKAI,QCS_V1,1,QCS01,NUT11077,M,51.705,-128.2384,100,0.45nm,13,,,,
1599380,1,2019-08-31,CALVERT,HAKAI,QCS_V1,1,QCS01,NUT11078,M,51.705,-128.2384,115,0.45nm,13,,,,
1637775,1,2019-10-05,CALVERT,HAKAI,QCS_V1,1,QCS01,NUT11096,M,51.705,-128.2384,0,0.45nm,13,,,,
1637775,1,2019-10-05,CALVERT,HAKAI,QCS_V1,1,QCS01,NUT11097,M,51.705,-128.2384,5,0.45nm,13,,,,
1637775,1,2019-10-05,CALVERT,HAKAI,QCS_V1,1,QCS01,NUT11098,M,51.705,-128.2384,10,0.45nm,13,,,,
1637775,1,2019-10-05,CALVERT,HAKAI,QCS_V1,1,QCS01,NUT11099,M,51.705,-128.2384,20,0.45nm,13,,,,
1637775,1,2019-10-05,CALVERT,HAKAI,QCS_V1,1,QCS01,NUT11664,M,51.705,-128.2384,30,0.45nm,13,,,,
1637775,1,2019-10-05,CALVERT,HAKAI,QCS_V1,1,QCS01,NUT11665,M,51.705,-128.2384,50,0.45nm,13,,,,
1637775,1,2019-10-05,CALVERT,HAKAI,QCS_V1,1,QCS01,NUT11666,M,51.705,-128.2384,100,0.45nm,13,,,,
1637775,1,2019-10-05,CALVERT,HAKAI,QCS_V1,1,QCS01,NUT11676,M,51.705,-128.2384,115,0.45nm,13,,,,
1659687,1,2019-11-24,CALVERT,HAKAI,ROCKY,1,ROCKY07,NUT11848,M,,,0,0.45nm,14,,,,
1662897,1,2019-11-25,CALVERT,HAKAI,ROCKY,1,ROCKY06,NUT11850,M,,,0,0.45nm,13,,,,
1659681,1,2019-11-25,CALVERT,HAKAI,ROCKY,1,ROCKY05,NUT11851,M,,,0,0.45nm,14,,,,
1660312,1,2019-11-27,CALVERT,HAKAI,ROCKY,1,ROCKY03,NUT11849,M,,,0,0.45nm,14,,,,
1664062,1,2019-11-28,CALVERT,HAKAI,QCS_V1,1,QCS01,NUT10767,M,51.705,-128.2384,0,0.45nm,13,,,,
1664062,1,2019-11-28,CALVERT,HAKAI,QCS_V1,1,QCS01,NUT11795,M,51.705,-128.2384,5,0.45nm,13,,,,
1664062,1,2019-11-28,CALVERT,HAKAI,QCS_V1,1,QCS01,NUT11796,M,51.705,-128.2384,10,0.45nm,13,,,,
1664062,1,2019-11-28,CALVERT,HAKAI,QCS_V1,1,QCS01,NUT11797,M,51.705,-128.2384,20,0.45nm,13,,,,
1664062,1,2019-11-28,CALVERT,HAKAI,QCS_V1,1,QCS01,NUT11798,M,51.705,-128.2384,30,0.45nm,13,,,,
1664062,1,2019-11-28,CALVERT,HAKAI,QCS_V1,1,QCS01,NUT11799,M,51.705,-128.2384,50,0.45nm,13,,,,
1664062,1,2019-11-28,CALVERT,HAKAI,QCS_V1,1,QCS01,NUT11800,M,51.705,-128.2384,100,0.45nm,13,,,,
1664062,1,2019-11-28,CALVERT,HAKAI,QCS_V1,1,QCS01,NUT11801,M,51.705,-128.2384,115,0.45nm,13,,,,