date,survey,sampling_bout,site,hakai_id,source,line_out_depth,filter_type,volume,no2_no3_um,no2_no3_units,po4,sio2
2017-01-18,KWAK_PP;KWAK,5,PRUTH,NUT8000,M,0,0.45nm,13,18.64397068,uM,1.545354019,33.33238827
2017-01-18,KWAK_PP;KWAK,5,PRUTH,NUT8001,M,5,0.45nm,13,18.85624359,uM,1.564520424,33.80334771
2017-01-18,KWAK_PP;KWAK,5,PRUTH,NUT8002,M,10,0.45nm,13,18.79803752,uM,1.559730702,32.95222702
2017-01-18,KWAK_PP;KWAK,5,PRUTH,NUT8003,M,20,0.45nm,13,19.19705166,uM,1.563855568,33.53380007
2017-01-18,KWAK_PP;KWAK,5,PRUTH,NUT8004,M,30,0.45nm,13,19.27810823,uM,1.604095755,33.90190055
2017-01-18,KWAK_PP;KWAK,6,PRUTH,NUT8005,M,50,0.45nm,13,19.1392462,uM,1.625997132,33.71027573
2017-01-18,KWAK_PP;KWAK,6,PRUTH,NUT8006,M,60,0.45nm,13,19.58236214,uM,1.583005177,34.17135733
2017-01-23,QCS_V1;KWY_V2,2,QCS01,NUT8014,M,0,0.45nm,13,18.28078548,uM,1.531986159,32.71967583
2017-01-23,QCS_V1;KWY_V2,2,QCS01,NUT8015,M,5,0.45nm,13,18.76535733,uM,1.585238611,33.03171334
2017-01-23,QCS_V1;KWY_V2,2,QCS01,NUT8016,M,10,0.45nm,13,17.02712817,uM,1.361738851,29.36200797
2017-01-23,QCS_V1;KWY_V2,2,QCS01,NUT8017,M,30,0.45nm,13,11.82271185,uM,1.077261214,18.70502
2017-01-23,QCS_V1;KWY_V2,2,QCS01,NUT8018,M,50,0.45nm,13,10.92872158,uM,0.863937579,16.94197559
2017-01-23,QCS_V1;KWY_V2,2,QCS01,NUT8019,M,100,0.45nm,13,11.51090122,uM,1.010338504,17.61543734
2017-01-23,QCS_V1;KWY_V2,2,QCS01,NUT8020,M,115,0.45nm,13,11.59203396,uM,1.038478245,17.604675
2017-02-23,QCSD;QCS_V1,1,QCS01,NUT8051,M,0,0.45nm,13,15.50617914,uM,1.248378152,27.56587066
2017-02-23,QCSD;QCS_V1,1,QCS01,NUT8052,M,5,0.45nm,13,15.56235724,uM,1.311303003,27.42506617
2017-02-23,QCSD;QCS_V1,1,QCS01,NUT8053,M,10,0.45nm,13,15.39591916,uM,1.212063798,27.28797184
2017-02-23,QCSD;QCS_V1,1,QCS01,NUT8054,M,30,0.45nm,13,13.09686375,uM,1.121904064,22.60364149
2017-02-23,QCSD;QCS_V1,1,QCS01,NUT8055,M,50,0.45nm,13,11.52935478,uM,0.997732321,19.65320497
2017-02-23,QCSD;QCS_V1,1,QCS01,NUT8056,M,100,0.45nm,13,12.1070319,uM,1.069708297,19.97221127
2017-02-23,QCSD;QCS_V1,1,QCS01,NUT8057,M,115,0.45nm,13,13.60340523,uM,1.190558137,20.38265037
2017-02-24,KWAK;KWAK_PP,5,PRUTH,NUT8033,M,0,0.45nm,13,14.55137812,uM,1.094342381,30.88435323
2017-02-24,KWAK;KWAK_PP,5,PRUTH,NUT8034,M,5,0.45nm,13,15.90148641,uM,1.268935552,30.84435251
2017-02-24,KWAK;KWAK_PP,5,PRUTH,NUT8035,M,10,0.45nm,13,16.58840926,uM,1.384674784,30.63962619
2017-02-24,KWAK;KWAK_PP,5,PRUTH,NUT8036,M,20,0.45nm,13,16.91043055,uM,1.396664891,30.4797369
2017-02-24,KWAK;KWAK_PP,5,PRUTH,NUT8037,M,30,0.45nm,13,17.39895044,uM,1.458536885,30.61638318
2017-02-24,KWAK;KWAK_PP,5,PRUTH,NUT8039,M,50,0.45nm,13,18.05509847,uM,1.454350009,30.89878681
2017-02-24,KWAK;KWAK_PP,5,PRUTH,NUT8038,M,60,0.45nm,13,17.8197665,uM,1.432424421,31.02528212
2017-03-16,KWAK_PP,5,PRUTH,NUT8068,M,0,0.45nm,13,15.26974793,uM,1.180309314,29.2620096
2017-03-16,KWAK_PP,5,PRUTH,NUT8069,M,5,0.45nm,13,16.6073924,uM,1.476653737,31.5157027
2017-03-16,KWAK_PP,5,PRUTH,NUT8070,M,10,0.45nm,13,16.7984578,uM,1.378893932,30.80023915
2017-03-16,KWAK_PP,5,PRUTH,NUT8071,M,20,0.45nm,13,16.69875316,uM,1.436782977,30.73507613
2017-03-16,KWAK_PP,5,PRUTH,NUT8072,M,30,0.45nm,13,17.07860208,uM,1.440793495,31.08738151
2017-03-16,KWAK_PP,5,PRUTH,NUT8073,M,40,0.45nm,13,17.58045962,uM,1.447582485,31.96676725
2017-03-16,KWAK_PP,5,PRUTH,NUT8074,M,50,0.45nm,13,17.80923621,uM,1.467555193,32.1867438
2017-03-16,KWAK_PP,5,PRUTH,NUT8075,M,60,0.45nm,13,17.9011758,uM,1.429663484,32.29788991
2017-03-20,QCSD;QCS_V1;KWY,4,QCS01,NUT8129,M,115,0.45nm,13,15.07932819,uM,1.203234055,23.39180377
2017-03-20,QCS_V1,2,QCS01,NUT8123,M,0,0.45nm,13,15.73734131,uM,1.310987202,28.74351185
2017-03-20,QCS_V1,2,QCS01,NUT8124,M,5,0.45nm,13,15.68329177,uM,1.316782284,28.88524685
2017-03-20,QCS_V1,2,QCS01,NUT8125,M,10,0.45nm,13,14.79235099,uM,1.156904,28.16047052
2017-03-20,QCS_V1,2,QCS01,NUT8126,M,20,0.45nm,13,14.16700718,uM,1.089614324,25.67023984
2017-03-20,QCS_V1,2,QCS01,NUT8127,M,50,0.45nm,13,14.20601948,uM,1.064947119,25.63674868
2017-03-20,QCS_V1,2,QCS01,NUT8128,M,100,0.45nm,13,13.83367737,uM,1.18128226,24.50889167
2017-03-24,KWAK_PP,1,PRUTH,NUT8133,M,0,0.45nm,13,12.92140408,uM,1.124512601,27.38308018
2017-03-24,KWAK_PP,1,PRUTH,NUT8134,M,5,0.45nm,13,15.11082574,uM,1.292159256,29.34042947
2017-03-24,KWAK_PP,1,PRUTH,NUT8135,M,10,0.45nm,13,16.31065243,uM,1.367013194,30.25371161
2017-03-24,KWAK_PP,1,PRUTH,NUT8136,M,20,0.45nm,13,16.11265513,uM,1.264254821,29.81856966
2017-03-24,KWAK_PP,1,PRUTH,NUT8137,M,30,0.45nm,13,15.63146829,uM,1.172469988,28.6084187
2017-03-26,QCS_V2,1,NBCH01,NUT8145,M,0,0.45nm,13,12.94686984,uM,1.156480765,24.46495129
2017-03-26,QCS_V2,1,WBCH01,NUT8150,M,0,0.45nm,13,13.01041307,uM,1.126116761,24.91763512
2017-03-26,QCS_V2,1,NBCH01,NUT8146,M,5,0.45nm,13,12.94192645,uM,1.183618701,24.24052955
2017-03-26,QCS_V2,1,WBCH01,NUT8151,M,5,0.45nm,13,13.06796908,uM,1.181958561,24.93179725
2017-03-26,QCS_V2,1,NBCH01,NUT8147,M,10,0.45nm,13,12.94482577,uM,1.131981361,23.81389412
2017-04-02,ROCKY,1,ROCKY02,NUT7627,M,0,0.45nm,13,7.58541869,uM,0.694634843,13.89266161
2017-04-02,ROCKY,2,ROCKY02,NUT7628,M,0,0.45nm,13,7.503676372,uM,0.670630652,13.89537484
2017-04-02,ROCKY,3,ROCKY02,NUT7629,M,0,0.45nm,13,7.591991794,uM,0.634680823,13.89102773
2017-04-02,ROCKY,2,ROCKY06,NUT7630,M,0,0.45nm,13,7.285770635,uM,0.595686285,13.51388447
2017-04-02,ROCKY,1,ROCKY06,NUT7631,M,0,0.45nm,13,7.349917789,uM,0.689593739,13.53699547
2017-04-02,ROCKY,3,ROCKY06,NUT7632,M,0,0.45nm,13,7.423194941,uM,0.68060401,13.55959097
2017-04-03,ROCKY,1,ROCKY03,NUT7680,M,0,0.45nm,13,7.703381509,uM,0.655014641,14.29661588
2017-04-07,KWAK_PP,5,PRUTH,NUT8152,M,0,0.45nm,13,9.90943881,uM,0.829355341,18.8337044
2017-04-07,KWAK_PP,5,PRUTH,NUT8153,M,5,0.45nm,13,10.09496483,uM,0.961564155,19.15964196
2017-04-07,KWAK_PP,5,PRUTH,NUT8154,M,10,0.45nm,13,10.17535407,uM,0.960678619,19.06117864
2017-04-07,KWAK_PP,6,PRUTH,NUT8155,M,20,0.45nm,13,9.680832465,uM,0.901052954,18.10011973
2017-04-07,KWAK_PP,5,PRUTH,NUT8156,M,30,0.45nm,13,10.35926445,uM,0.900161527,19.30416951
2017-04-07,KWAK_PP,5,PRUTH,NUT8157,M,40,0.45nm,13,10.56314892,uM,0.958824198,19.48793181
2017-04-07,KWAK_PP,5,PRUTH,NUT8158,M,50,0.45nm,13,10.5189816,uM,0.999631734,19.83665632
2017-04-07,KWAK_PP,5,PRUTH,NUT8159,M,60,0.45nm,13,12.02792113,uM,1.029527688,22.20856089
2017-04-14,QCS_V1,3,QCS01,NUT8207,M,0,0.45nm,13,8.783937917,uM,0.815319691,16.1830986
2017-04-14,QCS_V1,3,QCS01,NUT8208,M,5,0.45nm,13,8.744089202,uM,0.822398018,16.23269165
2017-04-14,QCS_V1,3,QCS01,NUT8209,M,10,0.45nm,13,8.7718552,uM,0.823488931,16.30918544
2017-04-14,QCS_V1,3,QCS01,NUT8210,M,20,0.45nm,13,8.999598777,uM,0.852531957,16.35779388
2017-04-14,QCS_V1,3,QCS01,NUT8211,M,30,0.45nm,13,8.982313313,uM,0.870599206,16.2529868
2017-04-14,QCS_V1,3,QCS01,NUT8212,M,50,0.45nm,13,9.077601007,uM,0.887569126,16.23215972
2017-04-14,QCS_V1,3,QCS01,NUT8213,M,100,0.45nm,13,9.638983028,uM,0.921580097,16.97480073
2017-04-14,QCS_V1,3,QCS01,NUT8214,M,115,0.45nm,13,13.69340915,uM,1.198987137,24.16948748
2017-04-14,ROCKY,1,ROCKY05,NUT7681,M,0,0.45nm,13,2.751078751,uM,0.406554457,6.017747784
2017-04-14,ROCKY,2,ROCKY05,NUT7682,M,0,0.45nm,13,2.907741974,uM,0.409406669,5.846159647
2017-04-14,ROCKY,3,ROCKY05,NUT7683,M,0,0.45nm,13,,,,
2017-04-15,KWAK_PP,1,PRUTH,NUT8215,M,0,0.45nm,13,0.078718899,uM,0.007001067,0.435128671
2017-04-15,KWAK_PP,1,PRUTH,NUT8216,M,5,0.45nm,13,0.114693867,uM,0.013886659,0.348689919
2017-04-15,KWAK_PP,1,PRUTH,NUT8217,M,10,0.45nm,13,1.900482944,uM,0.230958392,3.002083408
2017-04-15,KWAK_PP,1,PRUTH,NUT8218,M,20,0.45nm,13,5.307618545,uM,0.483165655,8.55594419
2017-04-15,KWAK_PP,1,PRUTH,NUT8219,M,30,0.45nm,13,9.137766588,uM,0.843402149,16.34483882
2017-04-16,QCS_V2,1,NBCH01,NUT8239,M,0,0.45nm,13,6.042916766,uM,0.564,10.62653459
2017-04-16,QCS_V2,2,WBCH01,NUT8244,M,0,0.45nm,13,4.305901293,uM,0.493,9.023414911
2017-04-16,QCS_V2,1,NBCH01,NUT8240,M,5,0.45nm,13,6.216319075,uM,0.592,10.62458532
2017-04-16,QCS_V2,2,WBCH01,NUT8245,M,5,0.45nm,13,5.712063648,uM,0.555,11.08113148
2017-04-16,QCS_V2,3,NBCH01,NUT8241,M,10,0.45nm,13,6.300039396,uM,0.623,11.13260919
2017-04-27,KWAK_PP,4,PRUTH,NUT8246,M,0,0.45nm,13,3.293599339,uM,0.437554451,7.587542407
2017-04-27,KWAK_PP,4,PRUTH,NUT8247,M,5,0.45nm,13,4.036653676,uM,0.518346103,9.268325984
2017-04-27,KWAK_PP,4,PRUTH,NUT8248,M,10,0.45nm,13,4.878756778,uM,0.600152885,10.37682788
2017-04-27,KWAK_PP,4,PRUTH,NUT8249,M,20,0.45nm,13,5.926624281,uM,0.692945583,12.00814593
2017-04-27,KWAK_PP,4,PRUTH,NUT8250,M,30,0.45nm,13,6.778068488,uM,0.776784781,13.05915308
2017-04-27,KWAK_PP,4,PRUTH,NUT8251,M,40,0.45nm,13,7.717657877,uM,0.839038479,14.69975655
2017-04-27,KWAK_PP,4,PRUTH,NUT8252,M,50,0.45nm,13,7.942373587,uM,0.865846035,15.13897846
2017-04-27,KWAK_PP,4,PRUTH,NUT8253,M,60,0.45nm,13,8.367434204,uM,0.88965878,15.82995761
2017-05-03,QCS_V1,1,QCS01,NUT8412,M,0,0.45nm,13,0.273272739,uM,0.071052755,3.946972947
2017-05-03,QCS_V1,1,QCS01,NUT8413,M,5,0.45nm,13,0.354315714,uM,0.127753255,3.992483722
2017-05-03,QCS_V1,1,QCS01,NUT8414,M,10,0.45nm,13,0.502730138,uM,0.119571272,4.068711303
2017-05-03,QCS_V1,1,QCS01,NUT8415,M,20,0.45nm,13,0.39681494,uM,0.100036681,3.870456698
2017-05-03,QCS_V1,1,QCS01,NUT8416,M,30,0.45nm,13,0.449272891,uM,0.134137339,3.914975492
2017-05-03,QCS_V1,1,QCS01,NUT8417,M,50,0.45nm,13,1.499020984,uM,0.256150925,5.4060551
2017-05-03,QCS_V1,1,QCS01,NUT8418,M,100,0.45nm,13,8.331700456,uM,0.70499039,12.41955563
2017-05-03,QCS_V1,1,QCS01,NUT8419,M,115,0.45nm,13,10.52839136,uM,0.847235832,13.9296262
2017-05-05,KWAK_PP,1,PRUTH,NUT8420,M,0,0.45nm,13,1.472529959,uM,0.239,6.955578564
2017-05-05,KWAK_PP,1,PRUTH,NUT8421,M,5,0.45nm,13,2.140069684,uM,0.348,7.728872049
2017-05-05,KWAK_PP,1,PRUTH,NUT8422,M,10,0.45nm,13,2.900020739,uM,0.389,8.113050312
2017-05-05,KWAK_PP,1,PRUTH,NUT8423,M,20,0.45nm,13,3.01800288,uM,0.455,8.614064139
2017-05-05,KWAK_PP,1,PRUTH,NUT8424,M,30,0.45nm,13,3.476380639,uM,0.46,9.225824006
2017-05-06,QCS_V2,2,NBCH01,NUT8432,M,0,0.45nm,13,1.145125361,uM,0.219373395,5.9822936
2017-05-06,QCS_V2,2,WBCH01,NUT8437,M,0,0.45nm,13,0.687080324,uM,0.216853596,5.992638706
2017-05-06,QCS_V2,2,NBCH01,NUT8433,M,5,0.45nm,13,1.043888874,uM,0.246530363,5.713733655
2017-05-06,QCS_V2,2,WBCH01,NUT8438,M,5,0.45nm,13,1.078334207,uM,0.220840961,6.053306391
2017-05-06,QCS_V2,2,NBCH01,NUT8434,M,10,0.45nm,13,1.277646376,uM,0.268511232,6.081131852
2017-05-11,ROCKY,1,ROCKY02,NUT7688,M,0,0.45nm,13,0.207250752,uM,0.724911898,9.810411009
2017-05-12,ROCKY,1,ROCKY06,NUT7689,M,0,0.45nm,13,0.040632691,uM,0.267322128,3.544602781
2017-05-14,ROCKY,1,ROCKY05,NUT7686,M,0,0.45nm,13,0.673335205,uM,0.259394948,2.78664377
2017-05-18,KWAK_PP,1,PRUTH,NUT8460,M,0,0.45nm,13,0.022755535,uM,0,1.142864012
2017-05-18,KWAK_PP,1,PRUTH,NUT8461,M,5,0.45nm,13,1.974231155,uM,0.240179475,6.399362773
2017-05-18,KWAK_PP,1,PRUTH,NUT8462,M,10,0.45nm,13,5.292862127,uM,0.542432663,10.54685064
2017-05-18,KWAK_PP,1,PRUTH,NUT8463,M,20,0.45nm,13,7.708683254,uM,0.795999519,14.87814694
2017-05-18,KWAK_PP,1,PRUTH,NUT8464,M,30,0.45nm,13,10.77654173,uM,1.028163877,19.04187902
2017-05-18,KWAK_PP,1,PRUTH,NUT8465,M,40,0.45nm,13,13.48814472,uM,1.137757531,22.40378745
2017-05-18,KWAK_PP,1,PRUTH,NUT8466,M,50,0.45nm,13,15.32065889,uM,1.204444584,25.42777347
2017-05-18,KWAK_PP,1,PRUTH,NUT8467,M,60,0.45nm,13,18.21463971,uM,1.427911496,30.90150697
2017-05-19,ROCKY,1,ROCKY04,NUT7698,M,0,0.45nm,13,0.319167182,uM,0.289433024,3.838533833
2017-05-25,KWAK_PP,1,PRUTH,NUT8502,M,0,0.45nm,13,0.899738639,uM,0.145711562,3.817647464
2017-05-25,KWAK_PP,1,PRUTH,NUT8503,M,5,0.45nm,13,1.552524403,uM,0.191791648,4.688894366
2017-05-25,KWAK_PP,1,PRUTH,NUT8504,M,10,0.45nm,13,10.62410552,uM,0.921574181,17.61811743
2017-05-25,KWAK_PP,1,PRUTH,NUT8505,M,20,0.45nm,13,15.81888805,uM,1.205951112,25.15206787
2017-05-25,KWAK_PP,1,PRUTH,NUT8506,M,30,0.45nm,13,16.94092002,uM,1.332334509,26.51437511
2017-05-27,QCS_V1,2,QCS01,NUT8507,M,0,0.45nm,13,11.32106265,uM,0.924,22.14196886
2017-05-27,QCS_V1,2,QCS01,NUT8508,M,5,0.45nm,13,11.36444344,uM,0.963,19.50589718
2017-05-27,QCS_V1,2,QCS01,NUT8509,M,10,0.45nm,13,10.0176208,uM,0.865891151,17.37486228
2017-05-27,QCS_V1,2,QCS01,NUT8510,M,20,0.45nm,13,8.708753649,uM,0.794867042,15.31826619
2017-05-27,QCS_V1,2,QCS01,NUT8511,M,30,0.45nm,13,6.011197703,uM,0.680368514,11.0631371
2017-05-27,QCS_V1,2,QCS01,NUT8512,M,50,0.45nm,13,13.00347269,uM,1.105308772,21.22800226
2017-05-27,QCS_V1,2,QCS01,NUT8513,M,100,0.45nm,13,20.3729223,uM,1.556188168,32.52836256
2017-05-27,QCS_V1,2,QCS01,NUT8514,M,115,0.45nm,13,21.86226646,uM,1.683260558,33.68966441
2017-05-28,QCS_V2,1,NBCH01,NUT8523,M,0,0.45nm,13,2.874970137,uM,0.35452888,8.039522052
2017-05-28,QCS_V2,1,WBCH01,NUT8530,M,0,0.45nm,13,0.143365824,uM,0.136634227,1.929629743
2017-05-28,QCS_V2,1,NBCH01,NUT8524,M,5,0.45nm,13,3.836170135,uM,0.381053814,8.706678469
2017-05-28,QCS_V2,1,WBCH01,NUT8531,M,5,0.45nm,13,0.23897383,uM,0.160577454,2.188984305
2017-05-28,QCS_V2,1,NBCH01,NUT8525,M,10,0.45nm,13,5.74654386,uM,0.502915643,10.4456413
2017-06-07,KWAK_PP,1,PRUTH,NUT8534,M,0,0.45nm,13,0.082167518,uM,0.0001627,1.008982138
2017-06-07,KWAK_PP,1,PRUTH,NUT8535,M,5,0.45nm,13,,,,
2017-06-07,KWAK_PP,1,PRUTH,NUT8536,M,10,0.45nm,13,2.226504737,uM,0.28,3.556639697
2017-06-07,KWAK_PP,1,PRUTH,NUT8537,M,20,0.45nm,13,10.62161431,uM,0.971,16.98416773
2017-06-07,KWAK_PP,1,PRUTH,NUT8538,M,30,0.45nm,13,16.61821645,uM,1.393,27.53928478
2017-06-07,KWAK_PP,1,PRUTH,NUT8539,M,40,0.45nm,13,18.55340252,uM,1.382,31.28685147
2017-06-07,KWAK_PP,1,PRUTH,NUT8540,M,50,0.45nm,13,19.24583326,uM,1.579,32.74331822
2017-06-07,KWAK_PP,1,PRUTH,NUT8541,M,60,0.45nm,13,19.65169288,uM,1.645,33.99283934
2017-06-07,ROCKY,1,ROCKY02,NUT7693,M,0,0.45nm,13,0.138869533,uM,0.278357524,4.000251021
2017-06-08,ROCKY,1,ROCKY04,NUT7692,M,0,0.45nm,13,0.381352839,uM,0.24634248,5.392549377
2017-06-09,ROCKY,1,ROCKY05,NUT7691,M,0,0.45nm,13,1.543894708,uM,0.232304521,6.469251631
2017-06-12,QCS_V2,1,NBCH01,NUT8594,M,0,0.45nm,13,2.379489945,uM,0.346,7.086003295
2017-06-12,QCS_V2,1,WBCH01,NUT8599,M,0,0.45nm,13,2.78340629,uM,0.373260779,7.026261599
2017-06-12,QCS_V2,1,NBCH01,NUT8595,M,5,0.45nm,13,5.467068321,uM,0.584,10.7265789
2017-06-12,QCS_V2,1,WBCH01,NUT8600,M,5,0.45nm,13,2.110737144,uM,0.381249162,6.546811071
2017-06-12,QCS_V2,1,NBCH01,NUT8596,M,10,0.45nm,13,6.218988347,uM,0.676800969,12.40397066
2017-06-13,QCS_V1,1,QCS01,NUT8601,M,0,0.45nm,13,0.077186684,uM,0.036,0.017823093
2017-06-13,QCS_V1,1,QCS01,NUT8602,M,5,0.45nm,13,0.033304706,uM,0.109,0.449571748
2017-06-13,QCS_V1,1,QCS01,NUT8603,M,10,0.45nm,13,0.299240115,uM,0.149,1.092003389
2017-06-13,QCS_V1,1,QCS01,NUT8604,M,20,0.45nm,13,3.634752969,uM,0.544,8.416510182
2017-06-13,QCS_V1,1,QCS01,NUT8605,M,30,0.45nm,13,7.77504022,uM,0.755,12.75552502
2017-06-13,QCS_V1,1,QCS01,NUT8607,M,50,0.45nm,13,15.29166889,uM,1.251,24.26062859
2017-06-13,QCS_V1,1,QCS01,NUT8606,M,100,0.45nm,13,25.13406666,uM,1.879,39.03857245
2017-06-13,QCS_V1,2,QCS01,NUT8611,M,115,0.45nm,13,30.02544715,uM,2.204,52.79413758
2017-06-16,KWAK_PP,1,PRUTH,NUT8612,M,0,0.45nm,13,0.662629967,uM,0.072,0.605974469
2017-06-16,KWAK_PP,1,PRUTH,NUT8613,M,5,0.45nm,13,0.719047431,uM,0.177,1.951577019
2017-06-16,KWAK_PP,1,PRUTH,NUT8614,M,10,0.45nm,13,2.353268541,uM,0.311,3.780370419
2017-06-16,KWAK_PP,1,PRUTH,NUT8615,M,20,0.45nm,13,7.423876945,uM,0.707,11.26386344
2017-06-16,KWAK_PP,1,PRUTH,NUT8616,M,30,0.45nm,13,16.62063141,uM,1.294,27.59424652
2017-06-23,ROCKY,1,ROCKY02,NUT7690,M,0,0.45nm,13,0.232825526,uM,0.398469618,6.001616068
2017-06-25,ROCKY,1,ROCKY04,NUT7696,M,0,0.45nm,13,0.352762778,uM,0.299432136,8.532949769
2017-06-28,KWAK_PP,1,PRUTH,NUT8640,M,0,0.45nm,13,0.101404353,uM,0.037,0.907956856
2017-06-28,KWAK_PP,1,PRUTH,NUT8641,M,5,0.45nm,13,1.145255382,uM,0.251372893,4.812981134
2017-06-28,KWAK_PP,1,PRUTH,NUT8642,M,10,0.45nm,13,6.475574426,uM,0.563827235,12.37916883
2017-06-28,KWAK_PP,1,PRUTH,NUT8643,M,20,0.45nm,13,10.3973657,uM,0.899,18.18764924
2017-06-28,KWAK_PP,1,PRUTH,NUT8644,M,30,0.45nm,13,16.49698317,uM,1.349708116,27.67958907
2017-06-28,KWAK_PP,1,PRUTH,NUT8645,M,40,0.45nm,13,19.58101167,uM,1.636,34.08358214
2017-06-28,KWAK_PP,1,PRUTH,NUT8646,M,50,0.45nm,13,22.07083102,uM,1.831,40.1817349
2017-06-28,KWAK_PP,1,PRUTH,NUT8647,M,60,0.45nm,13,22.83910436,uM,1.932,43.02633486
2017-06-28,ROCKY,1,ROCKY05,NUT7697,M,0,0.45nm,13,2.080823785,uM,0.482492034,10.96137333
2017-06-30,ROCKY,1,ROCKY07,NUT7695,M,0,0.45nm,13,0.414753443,uM,0.407447852,7.893062845
2017-07-01,ROCKY,1,ROCKY06,NUT7694,M,0,0.45nm,13,0.047711714,uM,0.200294362,1.120717783
2017-07-06,QCS_V2,1,NBCH01,NUT8697,M,0,0.45nm,13,0.085918197,uM,0.007969485,1.00224114
2017-07-06,QCS_V2,1,WBCH01,NUT8702,M,0,0.45nm,13,0.089272301,uM,0.047,1.008998236
2017-07-06,QCS_V2,1,NBCH01,NUT8698,M,5,0.45nm,13,2.538324797,uM,0.407266443,7.955601983
2017-07-06,QCS_V2,1,WBCH01,NUT8703,M,5,0.45nm,13,0.113862381,uM,0.154,2.707262816
2017-07-06,QCS_V2,1,NBCH01,NUT8699,M,10,0.45nm,13,6.15056932,uM,0.672094048,11.43126856
2017-07-07,ROCKY,1,ROCKY03,NUT7700,M,0,0.45nm,13,0.203610126,uM,0.209202267,2.11680873
2017-07-08,QCS_V1,1,QCS01,NUT8682,M,0,0.45nm,13,0.055305124,uM,0.018,0.189125604
2017-07-08,QCS_V1,1,QCS01,NUT8683,M,5,0.45nm,13,0.036125081,uM,0.044701645,0.329047162
2017-07-08,QCS_V1,1,QCS01,NUT8684,M,10,0.45nm,13,0.000666985,uM,0.152,2.216040444
2017-07-08,QCS_V1,1,QCS01,NUT8685,M,20,0.45nm,13,5.78268875,uM,0.611,9.802816605
2017-07-08,QCS_V1,1,QCS01,NUT8686,M,30,0.45nm,13,8.709631864,uM,0.807,12.29606247
2017-07-08,QCS_V1,1,QCS01,NUT8687,M,50,0.45nm,13,13.78459947,uM,1.139,19.15413772
2017-07-08,QCS_V1,1,QCS01,NUT8688,M,100,0.45nm,13,30.53754928,uM,2.288,54.83684604
2017-07-08,QCS_V1,1,QCS01,NUT8689,M,115,0.45nm,13,32.87297677,uM,2.619,64.66440885
2017-07-09,KWAK_PP,1,PRUTH,NUT8704,M,0,0.45nm,13,0.10648092,uM,0,0.207585153
2017-07-09,KWAK_PP,1,PRUTH,NUT8705,M,5,0.45nm,13,0.152852549,uM,0.123,2.3674145
2017-07-09,KWAK_PP,1,PRUTH,NUT8706,M,10,0.45nm,13,6.619220483,uM,0.784,12.71190626
2017-07-09,KWAK_PP,1,PRUTH,NUT8707,M,20,0.45nm,13,14.53456978,uM,1.192,26.31321399
2017-07-09,KWAK_PP,1,PRUTH,NUT8712,M,30,0.45nm,13,21.411314,uM,1.426,38.96004058
2017-07-20,MACRO_MGEO,1,NBCH01,NUT8766,M,0,0.45nm,13,0.021933219,uM,0.020034746,0.820294612
2017-07-20,MACRO_MGEO,1,NBCH01,NUT8766,M,0,0.45nm,13,0.021933219,uM,0.020034746,0.820294612
2017-07-20,MACRO_MGEO,1,WBCH01,NUT8783,M,0,0.45nm,13,0.096904038,uM,0.060005615,0.558348409
2017-07-20,MACRO_MGEO,1,NBCH01,NUT8767,M,5,0.45nm,13,4.105215121,uM,0.47733376,9.381369943
2017-07-20,MACRO_MGEO,1,NBCH01,NUT8767,M,5,0.45nm,13,4.105215121,uM,0.47733376,9.381369943
2017-07-20,MACRO_MGEO,1,WBCH01,NUT8784,M,5,0.45nm,13,0.123508237,uM,0.066762037,0.708314883
2017-07-20,MACRO_MGEO,1,NBCH01,NUT8768,M,10,0.45nm,13,8.524513709,uM,0.823837274,15.07076898
2017-07-20,MACRO_MGEO,1,NBCH01,NUT8768,M,10,0.45nm,13,8.524513709,uM,0.823837274,15.07076898
2017-07-21,KWAK_PP,1,PRUTH,NUT8788,M,0,0.45nm,13,0.071674348,uM,0.038060972,0.888836175
2017-07-21,KWAK_PP,1,PRUTH,NUT8789,M,5,0.45nm,13,1.023270945,uM,0.174293048,3.850896758
2017-07-21,KWAK_PP,1,PRUTH,NUT8790,M,10,0.45nm,13,5.79685297,uM,0.576063335,11.71572629
2017-07-21,KWAK_PP,1,PRUTH,NUT8791,M,20,0.45nm,13,10.84717195,uM,0.973744294,20.01900364
2017-07-21,KWAK_PP,1,PRUTH,NUT8792,M,30,0.45nm,13,16.8518008,uM,1.468118377,30.33008898
2017-07-21,KWAK_PP,1,PRUTH,NUT8793,M,40,0.45nm,13,20.32158357,uM,1.619671232,36.15311033
2017-07-21,KWAK_PP,1,PRUTH,NUT8794,M,50,0.45nm,13,22.48586006,uM,1.869124154,40.73358037
2017-07-21,KWAK_PP,1,PRUTH,NUT8795,M,60,0.45nm,13,24.42705124,uM,2.032747452,45.40291366
2017-07-27,KWAK_PP,1,PRUTH,NUT8848,M,0,0.45nm,13,0.199214299,uM,0.047077909,1.129099035
2017-07-27,KWAK_PP,1,PRUTH,NUT8849,M,5,0.45nm,13,2.947801974,uM,0.33883444,7.364365489
2017-07-27,KWAK_PP,1,PRUTH,NUT8850,M,10,0.45nm,13,7.63252117,uM,0.724537511,14.67290903
2017-07-27,KWAK_PP,1,PRUTH,NUT8851,M,20,0.45nm,13,9.978670803,uM,0.937476994,18.85191061
2017-07-27,KWAK_PP,1,PRUTH,NUT8852,M,30,0.45nm,13,14.89547803,uM,1.215889927,27.22847833
2017-07-28,QCS_V1,1,QCS01,NUT8840,M,0,0.45nm,13,0.072,uM,0.081,2.347
2017-07-28,QCS_V1,1,QCS01,NUT8841,M,5,0.45nm,13,1.309,uM,0.224,6.129
2017-07-28,QCS_V1,1,QCS01,NUT8842,M,10,0.45nm,13,0.614,uM,0.233,5.966
2017-07-28,QCS_V1,1,QCS01,NUT8842,M,10,0.45nm,13,0.614,uM,0.233,5.966
2017-07-28,QCS_V1,1,QCS01,NUT8842,M,10,0.45nm,13,0.614,uM,0.233,5.966
2017-07-28,QCS_V1,1,QCS01,NUT8843,M,20,0.45nm,13,0.51,uM,0.232,5.97
2017-07-28,QCS_V1,1,QCS01,NUT8843,M,20,0.45nm,13,0.51,uM,0.232,5.97
2017-07-28,QCS_V1,1,QCS01,NUT8843,M,20,0.45nm,13,0.51,uM,0.232,5.97
2017-07-28,QCS_V1,1,QCS01,NUT8844,M,30,0.45nm,13,7.314,uM,0.717,12.944
2017-07-28,QCS_V1,1,QCS01,NUT8844,M,30,0.45nm,13,7.314,uM,0.717,12.944
2017-07-28,QCS_V1,1,QCS01,NUT8844,M,30,0.45nm,13,7.314,uM,0.717,12.944
2017-07-28,QCS_V1,1,QCS01,NUT8845,M,50,0.45nm,13,16.047,uM,1.185,25.908
2017-07-28,QCS_V1,1,QCS01,NUT8845,M,50,0.45nm,13,16.047,uM,1.185,25.908
2017-07-28,QCS_V1,1,QCS01,NUT8845,M,50,0.45nm,13,16.047,uM,1.185,25.908
2017-07-28,QCS_V1,1,QCS01,NUT8846,M,100,0.45nm,13,28.689,uM,2.1,47.456
2017-07-28,QCS_V1,1,QCS01,NUT8846,M,100,0.45nm,13,28.689,uM,2.1,47.456
2017-07-28,QCS_V1,1,QCS01,NUT8846,M,100,0.45nm,13,28.689,uM,2.1,47.456
2017-07-28,QCS_V1,1,QCS01,NUT8847,M,125,0.45nm,13,35.583,uM,2.444,65.419
2017-07-28,QCS_V1,1,QCS01,NUT8847,M,125,0.45nm,13,35.583,uM,2.444,65.419
2017-07-28,QCS_V1,1,QCS01,NUT8847,M,125,0.45nm,13,35.583,uM,2.444,65.419
2017-08-08,ROCKY,1,ROCKY05,NUT7699,M,0,0.45nm,13,2.559628844,uM,0.499615266,10.93308003
2017-08-10,ROCKY,1,ROCKY04,NUT9700,M,0,0.45nm,13,2.756128391,uM,0.659690194,12.34549981
2017-08-11,ROCKY,1,ROCKY02,NUT9701,M,0,0.45nm,13,0.465489742,uM,0.837119507,13.87535519
2017-08-13,KWAK_PP,4,PRUTH,NUT8910,M,0,0.45nm,13,0.700742819,uM,0.125,3.026953232
2017-08-13,KWAK_PP,4,PRUTH,NUT8911,M,5,0.45nm,13,3.900795479,uM,0.393,9.225768248
2017-08-13,KWAK_PP,4,PRUTH,NUT8912,M,10,0.45nm,13,6.497890119,uM,0.637,13.55652216
2017-08-13,KWAK_PP,4,PRUTH,NUT8913,M,20,0.45nm,13,15.20366657,uM,1.348,29.68145608
2017-08-13,KWAK_PP,4,PRUTH,NUT8914,M,30,0.45nm,13,22.44107719,uM,1.778,41.27847252
2017-08-13,KWAK_PP,4,PRUTH,NUT8915,M,40,0.45nm,13,24.04759372,uM,1.816,45.57200923
2017-08-13,KWAK_PP,4,PRUTH,NUT8916,M,50,0.45nm,13,25.3470441,uM,2.027,49.49200712
2017-08-13,KWAK_PP,4,PRUTH,NUT8917,M,60,0.45nm,13,27.16443918,uM,1.907,54.1448405
2017-08-18,KWAK_PP,1,PRUTH,NUT8929,M,0,0.45nm,13,2.371166943,uM,0.277,6.989070687
2017-08-18,KWAK_PP,1,PRUTH,NUT8930,M,5,0.45nm,13,4.437361394,uM,0.488,10.5597751
2017-08-18,KWAK_PP,1,PRUTH,NUT8931,M,10,0.45nm,13,4.869558107,uM,0.507,11.30700184
2017-08-18,KWAK_PP,1,PRUTH,NUT8932,M,20,0.45nm,13,10.24726936,uM,0.947,20.472606
2017-08-18,KWAK_PP,1,PRUTH,NUT8933,M,30,0.45nm,13,16.94005322,uM,1.461,31.609998
2017-08-20,QCS_V2,1,NBCH01,NUT8938,M,0,0.45nm,13,6.163753783,uM,0.661,13.8714988
2017-08-20,QCS_V2,1,WBCH01,NUT8941,M,0,0.45nm,13,1.884060485,uM,0.364,6.12567548
2017-08-20,QCS_V2,1,NBCH01,NUT8939,M,5,0.45nm,13,6.410748405,uM,0.678,14.13588812
2017-08-20,QCS_V2,1,WBCH01,NUT8942,M,5,0.45nm,13,4.829,uM,0.525,10.624
2017-08-20,QCS_V2,1,NBCH01,NUT8940,M,10,0.45nm,13,8.264,uM,0.801,16.24
2017-08-30,KWAK_PP,3,PRUTH,NUT8943,M,0,0.45nm,13,0.087838848,uM,0.026,11.22998395
2017-08-30,KWAK_PP,3,PRUTH,NUT8944,M,5,0.45nm,13,3.746932278,uM,0.358,12.51269246
2017-08-30,KWAK_PP,3,PRUTH,NUT8945,M,10,0.45nm,13,6.983601198,uM,0.674,16.68754796
2017-08-30,KWAK_PP,3,PRUTH,NUT8946,M,20,0.45nm,13,13.21501404,uM,1.125,26.29454516
2017-08-30,KWAK_PP,3,PRUTH,NUT8947,M,30,0.45nm,13,17.06214653,uM,1.311,32.70769909
2017-08-30,KWAK_PP,3,PRUTH,NUT8948,M,40,0.45nm,13,22.77331419,uM,1.807,42.24932158
2017-08-30,KWAK_PP,3,PRUTH,NUT8949,M,50,0.45nm,13,24.33519161,uM,1.907,46.4434115
2017-08-30,KWAK_PP,3,PRUTH,NUT8950,M,60,0.45nm,13,26.23942256,uM,2.165,52.55535948
2017-09-03,QCS_V2,1,NBCH01,NUT9413,M,0,0.45nm,13,2.146700465,uM,0.413,9.147458845
2017-09-03,QCS_V2,1,WBCH01,NUT9418,M,0,0.45nm,13,1.259467918,uM,0.359,7.027436213
2017-09-03,QCS_V2,1,NBCH01,NUT9414,M,5,0.45nm,13,3.913424655,uM,0.547,11.96340105
2017-09-03,QCS_V2,1,WBCH01,NUT9419,M,5,0.45nm,13,2.124320043,uM,0.403,9.102572896
2017-09-03,QCS_V2,1,NBCH01,NUT9415,M,10,0.45nm,13,4.513585711,uM,0.552,12.66316277
2017-09-04,QCS_V1,1,QCS01,NUT8918,M,0,0.45nm,13,0.704,uM,0.122,5.295
2017-09-04,QCS_V1,1,QCS01,NUT8919,M,5,0.45nm,13,1.135,uM,0.27,8.832
2017-09-04,QCS_V1,1,QCS01,NUT8920,M,10,0.45nm,13,1.126,uM,0.296,8.833
2017-09-04,QCS_V1,1,QCS01,NUT8921,M,20,0.45nm,13,6.12,uM,0.716,15.891
2017-09-04,QCS_V1,1,QCS01,NUT8922,M,30,0.45nm,13,10.44,uM,0.898,16.827
2017-09-04,QCS_V1,1,QCS01,NUT8923,M,50,0.45nm,13,18.205,uM,1.427,27.223
2017-09-04,QCS_V1,1,QCS01,NUT8924,M,100,0.45nm,13,28.389,uM,2.071,46.584
2017-09-04,QCS_V1,1,QCS01,NUT8925,M,115,0.45nm,13,29.714,uM,1.916,47.364
2017-09-08,KWAK_PP,1,PRUTH,NUT9420,M,0,0.45nm,13,1.097140036,uM,0.158,13.83748374
2017-09-08,KWAK_PP,1,PRUTH,NUT9421,M,5,0.45nm,13,4.532616603,uM,0.506,13.84900928
2017-09-08,KWAK_PP,1,PRUTH,NUT9422,M,10,0.45nm,13,9.349033328,uM,0.903,20.37022273
2017-09-08,KWAK_PP,1,PRUTH,NUT9423,M,20,0.45nm,13,14.90678772,uM,1.297,28.44187906
2017-09-08,KWAK_PP,1,PRUTH,NUT8981,M,30,0.45nm,13,20.06629198,uM,1.628,36.59047723
2017-09-17,ROCKY,1,ROCKY06,NUT9778,M,0,0.45nm,13,2.035386373,uM,0.463000129,11.63014635
2017-09-18,ROCKY,1,ROCKY07,NUT9784,M,0,0.45nm,13,4.086895332,uM,0.65469873,15.15524446
2017-09-19,ROCKY,1,ROCKY03,NUT9790,M,0,0.45nm,13,4.673495813,uM,0.736662498,15.0446901
2017-09-20,KWAK_PP,4,PRUTH,NUT9426,M,0,0.45nm,13,8.684986716,uM,0.703024456,21.87237564
2017-09-20,KWAK_PP,5,PRUTH,NUT9427,M,5,0.45nm,13,,,,
2017-09-20,KWAK_PP,4,PRUTH,NUT9428,M,10,0.45nm,13,12.16526275,uM,1.053380865,22.37001525
2017-09-20,KWAK_PP,4,PRUTH,NUT9429,M,20,0.45nm,13,17.56239875,uM,1.397912752,23.95683054
2017-09-20,KWAK_PP,4,PRUTH,NUT9430,M,30,0.45nm,13,19.87852694,uM,1.578474603,31.85085501
2017-09-20,KWAK_PP,4,PRUTH,NUT9431,M,40,0.45nm,13,23.41409166,uM,1.75087663,37.76473403
2017-09-20,KWAK_PP,4,PRUTH,NUT9432,M,50,0.45nm,13,25.14179345,uM,1.92169296,40.5904425
2017-09-20,KWAK_PP,4,PRUTH,NUT9433,M,60,0.45nm,13,27.17505181,uM,2.081217045,45.92546286
2017-09-27,QCS_V1,2,QCS01,NUT9490,M,0,0.45nm,13,4.356173899,uM,0.527766472,15.20261691
2017-09-27,QCS_V1,2,QCS01,NUT9491,M,5,0.45nm,13,4.933,uM,0.557,16.307
2017-09-27,QCS_V1,2,QCS01,NUT9492,M,10,0.45nm,13,1.777124503,uM,0.388661861,8.560811515
2017-09-27,QCS_V1,2,QCS01,NUT9493,M,20,0.45nm,13,2.122083535,uM,0.413644709,8.01075553
2017-09-27,QCS_V1,2,QCS01,NUT9494,M,30,0.45nm,13,13.29727767,uM,1.130152867,19.01116565
2017-09-27,QCS_V1,2,QCS01,NUT9495,M,40,0.45nm,13,21.871475,uM,1.701990724,33.66465901
2017-09-27,QCS_V1,2,QCS01,NUT9496,M,100,0.45nm,13,26.97856823,uM,2.065436632,41.21574234
2017-09-27,QCS_V1,2,QCS01,NUT9497,M,115,0.45nm,13,29.71938064,uM,2.170935995,44.81636399
2017-09-28,QCS_V2,1,NBCH01,NUT9505,M,0,0.45nm,13,5.844949561,uM,0.67765659,17.37662086
2017-09-28,QCS_V2,1,WBCH01,NUT9510,M,0,0.45nm,13,5.671180038,uM,0.666625536,17.38459171
2017-09-28,QCS_V2,1,NBCH01,NUT9506,M,5,0.45nm,13,6.45808306,uM,0.740318626,17.79387444
2017-09-28,QCS_V2,1,WBCH01,NUT9511,M,5,0.45nm,13,7.071429163,uM,0.823019503,18.37571188
2017-09-28,QCS_V2,1,NBCH01,NUT9507,M,10,0.45nm,13,7.131999222,uM,0.786270232,18.39021202
2017-10-01,KWAK_PP,1,PRUTH,NUT9512,M,0,0.45nm,13,9.294108205,uM,0.780628778,25.45688924
2017-10-01,KWAK_PP,1,PRUTH,NUT9513,M,5,0.45nm,13,11.83637646,uM,1.017372586,24.12805296
2017-10-01,KWAK_PP,1,PRUTH,NUT9514,M,10,0.45nm,13,13.77299318,uM,1.172372142,25.43915876
2017-10-01,KWAK_PP,1,PRUTH,NUT9515,M,20,0.45nm,13,18.66627369,uM,1.463055156,30.38613387
2017-10-01,KWAK_PP,1,PRUTH,NUT9516,M,30,0.45nm,13,21.77872117,uM,1.684553743,34.22080494
2017-10-11,KWAK_PP,3,PRUTH,NUT9517,M,0,0.45nm,13,15.6998814,uM,1.230033269,27.60544036
2017-10-11,KWAK_PP,3,PRUTH,NUT9518,M,5,0.45nm,13,17.06191915,uM,1.344680267,28.82359517
2017-10-11,KWAK_PP,3,PRUTH,NUT9519,M,10,0.45nm,13,18.31749102,uM,1.414232518,29.69176067
2017-10-11,KWAK_PP,3,PRUTH,NUT9520,M,20,0.45nm,13,19.11560494,uM,1.473033667,30.65413013
2017-10-11,KWAK_PP,3,PRUTH,NUT9521,M,30,0.45nm,13,21.43544478,uM,1.618648367,33.89609673
2017-10-11,KWAK_PP,3,PRUTH,NUT9522,M,50,0.45nm,13,25.63096572,uM,1.93288775,40.28327554
2017-10-11,KWAK_PP,3,PRUTH,NUT9523,M,60,0.45nm,13,26.94536964,uM,2.050520853,43.59705783
2017-10-13,QCS_V1,1,QCS01,NUT9551,M,0,0.45nm,13,12.97666651,uM,1.110730749,27.71099082
2017-10-13,QCS_V1,1,QCS01,NUT9552,M,5,0.45nm,13,15.59804932,uM,1.308166161,28.4895037
2017-10-13,QCS_V1,1,QCS01,NUT9553,M,10,0.45nm,13,15.19252218,uM,1.287744513,25.35919075
2017-10-13,QCS_V1,1,QCS01,NUT9554,M,30,0.45nm,13,19.83248922,uM,1.58620446,28.24322573
2017-10-13,QCS_V1,1,QCS01,NUT9555,M,50,0.45nm,13,23.00961549,uM,1.799769093,33.71610084
2017-10-13,QCS_V1,1,QCS01,NUT9556,M,100,0.45nm,13,30.82637332,uM,2.373281232,51.26977646
2017-10-13,QCS_V1,1,QCS01,NUT9557,M,115,0.45nm,13,31.92313064,uM,2.385547395,52.37668951
2017-11-16,ROCKY,1,ROCKY03,NUT9797,M,0,0.45nm,13,19.7882554,uM,1.733151285,32.63791756
2017-11-17,ROCKY,1,ROCKY07,NUT9796,M,0,0.45nm,13,21.49895426,uM,1.642260335,34.60829922
2017-11-18,ROCKY,1,ROCKY06,NUT9779,M,0,0.45nm,13,10.23065215,uM,1.006875075,13.62403199
2017-12-02,KWAK_PP,2,PRUTH,NUT9574,M,0,0.45nm,13,22.06605574,uM,1.758,38.49470478
2017-12-02,KWAK_PP,2,PRUTH,NUT9575,M,5,0.45nm,13,21.54131096,uM,1.6,37.08004027
2017-12-02,KWAK_PP,2,PRUTH,NUT9576,M,10,0.45nm,13,21.93610024,uM,1.325,37.59656411
2017-12-02,KWAK_PP,2,PRUTH,NUT9577,M,20,0.45nm,13,21.71321344,uM,1.458,36.39330763
2017-12-02,KWAK_PP,2,PRUTH,NUT9578,M,40,0.45nm,13,21.00222465,uM,1.338,34.64001746
2017-12-02,KWAK_PP,2,PRUTH,NUT9579,M,50,0.45nm,13,21.52169309,uM,1.621,35.51821623
2017-12-02,KWAK_PP,3,PRUTH,NUT9580,M,60,0.45nm,13,21.45711038,uM,1.515,35.13517114
2017-12-03,QCS_V1,2,QCS01,NUT9604,M,0,0.45nm,13,21.1496248,uM,1.65747883,38.15288287
2017-12-03,QCS_V1,2,QCS01,NUT9605,M,5,0.45nm,13,20.01871833,uM,1.554368738,34.50053917
2017-12-03,QCS_V1,2,QCS01,NUT9607,M,10,0.45nm,13,18.98354344,uM,1.605217088,31.9727793
2017-12-03,QCS_V1,2,QCS01,NUT9606,M,30,0.45nm,13,17.55706539,uM,1.402559349,28.49009782
2017-12-03,QCS_V1,2,QCS01,NUT9608,M,50,0.45nm,13,14.98291442,uM,1.124446581,23.24267781
2017-12-03,QCS_V1,2,QCS01,NUT9609,M,100,0.45nm,13,13.47177515,uM,1.177344527,20.39362298
2017-12-03,QCS_V1,2,QCS01,NUT9610,M,115,0.45nm,13,13.93244315,uM,1.199814985,21.48597956
2018-01-10,QCS_V1,1,QCS01,NUT9617,M,0,0.45nm,13,17.11939907,uM,1.340134479,28.65984086
2018-01-10,QCS_V1,1,QCS01,NUT9618,M,5,0.45nm,13,17.04350413,uM,1.402404834,28.56458866
2018-01-10,QCS_V1,1,QCS01,NUT9619,M,10,0.45nm,13,16.94195829,uM,1.270493218,28.31545207
2018-01-10,QCS_V1,1,QCS01,NUT9620,M,30,0.45nm,13,16.58772093,uM,1.389762704,27.41835108
2018-01-10,QCS_V1,1,QCS01,NUT9621,M,50,0.45nm,13,16.31392874,uM,1.328361406,26.83566113
2018-01-10,QCS_V1,1,QCS01,NUT9622,M,100,0.45nm,13,15.67768054,uM,1.764326892,25.71532122
2018-01-10,QCS_V1,1,QCS01,NUT9623,M,115,0.45nm,13,16.56663168,uM,1.367527154,27.1345215
2018-01-13,KWAK_PP,4,PRUTH,NUT9624,M,0,0.45nm,13,19.6263718,uM,1.445,33.9006721
2018-01-13,KWAK_PP,4,PRUTH,NUT9625,M,5,0.45nm,13,19.64455784,uM,1.475,33.70824489
2018-01-13,KWAK_PP,4,PRUTH,NUT9626,M,10,0.45nm,13,19.63170774,uM,1.48,33.669848
2018-01-13,KWAK_PP,4,PRUTH,NUT9627,M,20,0.45nm,13,19.56580956,uM,1.556,33.21569187
2018-01-13,KWAK_PP,4,PRUTH,NUT9628,M,30,0.45nm,13,19.51258092,uM,1.527,33.1061402
2018-01-13,KWAK_PP,4,PRUTH,NUT9629,M,50,0.45nm,13,18.99356566,uM,1.47,31.95146459
2018-01-13,KWAK_PP,4,PRUTH,NUT9630,M,60,0.45nm,13,19.71857469,uM,1.459,33.53399341
2018-02-14,KWAK_PP,4,PRUTH,NUT9660,M,0,0.45nm,13,17.96141876,uM,1.419,32.79753682
2018-02-14,KWAK_PP,4,PRUTH,NUT9661,M,5,0.45nm,13,18.05903795,uM,1.468,33.03375331
2018-02-14,KWAK_PP,4,PRUTH,NUT9662,M,10,0.45nm,13,18.01204081,uM,1.471,33.09198166
2018-02-14,KWAK_PP,4,PRUTH,NUT9663,M,20,0.45nm,13,18.17877506,uM,1.399,32.73759752
2018-02-14,KWAK_PP,4,PRUTH,NUT9664,M,30,0.45nm,13,18.95470182,uM,1.551,32.71511994
2018-02-14,KWAK_PP,4,PRUTH,NUT9665,M,50,0.45nm,13,18.51278851,uM,1.491,31.97789339
2018-02-14,KWAK_PP,4,PRUTH,NUT9666,M,60,0.45nm,13,18.52277465,uM,1.425,32.26712944
2018-02-14,ROCKY,1,ROCKY03,NUT9780,M,0,0.45nm,13,17.70213108,uM,1.447979731,32.37741666
2018-02-16,ROCKY,1,ROCKY06,NUT9782,M,0,0.45nm,13,16.73240889,uM,1.332286508,30.81866216
2018-02-16,ROCKY,1,ROCKY07,NUT9791,M,0,0.45nm,13,14.64289929,uM,1.257747302,27.90769249
2018-02-21,QCS_V1,2,QCS01,NUT9670,M,0,0.45nm,13,18.00482082,uM,1.432236299,33.36768244
2018-02-21,QCS_V1,2,QCS01,NUT9671,M,5,0.45nm,13,18.14420105,uM,1.454627815,32.93427562
2018-02-21,QCS_V1,2,QCS01,NUT9672,M,10,0.45nm,13,17.72554403,uM,1.462330241,32.13044355
2018-02-21,QCS_V1,2,QCS01,NUT9673,M,30,0.45nm,13,15.17532252,uM,1.250175817,26.00781606
2018-02-21,QCS_V1,2,QCS01,NUT9674,M,50,0.45nm,13,12.74054217,uM,1.113722859,20.96507935
2018-02-21,QCS_V1,2,QCS01,NUT9675,M,100,0.45nm,13,19.38141525,uM,1.491544117,32.55393062
2018-02-21,QCS_V1,2,QCS01,NUT9676,M,115,0.45nm,13,24.34518415,uM,1.675942763,41.65903109
2018-02-25,ROCKY,1,ROCKY04,NUT9737,M,0,0.45nm,13,16.38843805,uM,1.378751557,30.03554182
2018-02-26,ROCKY,1,ROCKY05,NUT9738,M,0,0.45nm,13,19.60037632,uM,1.531429457,35.26545882
2018-02-28,ROCKY,1,ROCKY02,NUT9741,M,0,0.45nm,13,12.98900179,uM,1.200289971,27.68592153
2018-03-20,ROCKY,1,ROCKY02,NUT9740,M,0,0.45nm,13,7.061796562,uM,0.826114494,22.87695329
2018-03-21,ROCKY,1,ROCKY05,NUT9739,M,0,0.45nm,13,14.55074866,uM,1.365849063,30.89607534
2018-03-22,ROCKY,1,ROCKY04,NUT9735,M,0,0.45nm,13,15.03731103,uM,1.372732017,31.56774548
2018-03-24,QCS_V1,1,QCS01,NUT9803,M,0,0.45nm,13,17.34047231,uM,1.354819462,33.7035599
2018-03-24,QCS_V1,1,QCS01,NUT9804,M,5,0.45nm,13,16.78174142,uM,1.410747401,32.86404414
2018-03-24,QCS_V1,1,QCS01,NUT9805,M,10,0.45nm,13,16.97941626,uM,1.456464232,32.71493753
2018-03-24,QCS_V1,1,QCS01,NUT9806,M,20,0.45nm,13,16.37909628,uM,1.367376407,31.36783603
2018-03-24,QCS_V1,1,QCS01,NUT9807,M,30,0.45nm,13,16.49671336,uM,1.340503533,30.54725597
2018-03-24,QCS_V1,1,QCS01,NUT9808,M,50,0.45nm,13,,,,
2018-03-24,QCS_V1,1,QCS01,NUT9809,M,100,0.45nm,13,15.93442692,uM,1.319516613,26.58252003
2018-03-24,QCS_V1,1,QCS01,NUT9810,M,115,0.45nm,13,21.5030183,uM,1.728581468,35.122759
2018-03-28,KWAK,2,PRUTH,NUT9654,M,0,0.45nm,13,14.98222803,uM,1.209,30.45643645
2018-03-28,KWAK,2,PRUTH,NUT9655,M,5,0.45nm,13,16.83402308,uM,1.37,32.32834433
2018-03-28,KWAK,2,PRUTH,NUT9656,M,10,0.45nm,13,17.80117136,uM,1.451,33.29479914
2018-03-28,KWAK,2,PRUTH,NUT9657,M,20,0.45nm,13,18.69042366,uM,1.55,34.80371753
2018-03-28,KWAK,2,PRUTH,NUT9658,M,30,0.45nm,13,19.27462375,uM,1.541,35.25419809
2018-03-28,KWAK,2,PRUTH,NUT9659,M,50,0.45nm,13,19.31573886,uM,1.519,35.14715388
2018-03-28,KWAK,2,PRUTH,NUT9811,M,60,0.45nm,13,19.72659549,uM,1.528,36.18428377
2018-04-02,QCS_V2,1,NBCH01,NUT9835,M,0,0.45nm,13,15.40062808,uM,1.352,27.3005185
2018-04-02,QCS_V2,1,WBCH01,NUT9840,M,0,0.45nm,13,13.64591163,uM,1.193,23.61567901
2018-04-02,QCS_V2,1,NBCH01,NUT9836,M,5,0.45nm,13,15.34296956,uM,1.293,26.90048916
2018-04-02,QCS_V2,1,WBCH01,NUT9841,M,5,0.45nm,13,13.70716917,uM,1.219,23.84407573
2018-04-02,QCS_V2,1,NBCH01,NUT9837,M,10,0.45nm,13,15.19205127,uM,1.331,26.69032969
2018-04-03,ROCKY,1,ROCKY02,NUT9730,M,0,0.45nm,13,5.728549335,uM,0.76305223,16.61572122
2018-04-04,ROCKY,1,ROCKY05,NUT9734,M,0,0.45nm,13,13.71074589,uM,1.375623752,28.11269552
2018-04-05,ROCKY,1,ROCKY04,NUT9731,M,0,0.45nm,13,10.35173703,uM,1.042364862,21.34549257
2018-04-20,ROCKY,1,ROCKY02,NUT9733,M,0,0.45nm,13,2.405346459,uM,0.527691901,11.59994893
2018-04-21,KWAK_PP;KWAK,2,PRUTH,NUT9847,M,0,0.45nm,13,11.61696069,uM,1.063860385,19.24784571
2018-04-21,KWAK_PP;KWAK,2,PRUTH,NUT9848,M,5,0.45nm,13,13.24098675,uM,1.231437133,21.55477429
2018-04-21,KWAK_PP;KWAK,2,PRUTH,NUT9849,M,10,0.45nm,13,13.77583006,uM,1.278071606,22.9837492
2018-04-21,KWAK_PP;KWAK,2,PRUTH,NUT9850,M,20,0.45nm,13,14.57960375,uM,1.35579858,24.86186494
2018-04-21,KWAK_PP;KWAK,2,PRUTH,NUT9851,M,30,0.45nm,13,15.88069738,uM,1.452468613,27.5166927
2018-04-21,KWAK_PP;KWAK,2,PRUTH,NUT9852,M,50,0.45nm,13,16.5435728,uM,1.539042598,28.76671878
2018-04-21,KWAK_PP;KWAK,2,PRUTH,NUT9865,M,60,0.45nm,13,17.04042101,uM,1.50901415,29.7695843
2018-04-21,ROCKY,1,ROCKY04,NUT9732,M,0,0.45nm,13,7.038106682,uM,0.829922313,17.40761812
2018-04-22,QCS_V1,2,QCS01,NUT9869,M,0,0.45nm,13,6.762347958,uM,0.721318891,11.98569097
2018-04-22,QCS_V1,2,QCS01,NUT9870,M,5,0.45nm,13,6.702688388,uM,0.754075737,12.10818966
2018-04-22,QCS_V1,2,QCS01,NUT9871,M,10,0.45nm,13,6.423051751,uM,0.751497916,11.37255751
2018-04-22,QCS_V1,2,QCS01,NUT9872,M,20,0.45nm,13,5.640745732,uM,0.669624532,9.72665256
2018-04-22,QCS_V1,2,QCS01,NUT9873,M,30,0.45nm,13,5.816115784,uM,0.679566528,9.920379781
2018-04-22,QCS_V1,2,QCS01,NUT9874,M,50,0.45nm,13,5.605236562,uM,0.649414642,9.668699747
2018-04-22,QCS_V1,2,QCS01,NUT9875,M,100,0.45nm,13,7.012846921,uM,0.729179594,10.87484514
2018-04-22,QCS_V1,2,QCS01,NUT9876,M,115,0.45nm,13,11.67942812,uM,1.089400791,17.30666836
2018-04-22,ROCKY,1,ROCKY05,NUT9783,M,0,0.45nm,13,12.57061572,uM,1.246491869,23.4223063
2018-04-30,ROCKY,1,ROCKY02,NUT9798,M,0,0.45nm,13,0.698141668,uM,0.56708184,5.908468827
2018-05-01,QCS_V2,1,NBCH01,NUT10007,M,0,0.45nm,13,7.800991989,uM,0.85476422,13.550143
2018-05-01,QCS_V2,1,WBCH01,NUT10012,M,0,0.45nm,13,3.952977504,uM,0.592242021,8.553019225
2018-05-01,QCS_V2,1,NBCH01,NUT10008,M,5,0.45nm,13,7.715725981,uM,0.834885303,13.39627424
2018-05-01,QCS_V2,1,WBCH01,NUT10013,M,5,0.45nm,13,5.718039633,uM,0.697952332,10.22003389
2018-05-01,QCS_V2,1,NBCH01,NUT10009,M,10,0.45nm,13,7.83669799,uM,0.859662055,13.16662288
2018-05-01,ROCKY,1,ROCKY05,NUT9786,M,0,0.45nm,13,11.29514057,uM,1.129809915,24.36215873
2018-05-02,ROCKY,1,ROCKY04,NUT9789,M,0,0.45nm,13,3.124963293,uM,0.682743622,12.25823876
2018-05-15,ROCKY,1,ROCKY02,NUT9703,M,0,0.45nm,13,1.598185937,uM,0.627321642,6.932440771
2018-05-16,ROCKY,1,ROCKY04,NUT9788,M,0,0.45nm,13,2.97249918,uM,0.534989233,12.64573895
2018-05-17,ROCKY,1,ROCKY05,NUT9707,M,0,0.45nm,13,9.429009443,uM,1.063207696,24.50798871
2018-05-19,ROCKY,1,ROCKY06,NUT9729,M,0,0.45nm,13,0.704603027,uM,0.327156861,5.918875331
2018-05-20,ROCKY,1,ROCKY03,NUT9726,M,0,0.45nm,13,0.103304509,uM,0.139636702,1.14214456
2018-05-21,ROCKY,1,ROCKY07,NUT9795,M,0,0.45nm,13,0.635196012,uM,0.358393314,6.915676399
2018-05-26,KWAK_PP,2,PRUTH,NUT10069,M,0,0.45nm,13,0.044178908,uM,0.000833052,0.608985513
2018-05-26,KWAK_PP,2,PRUTH,NUT10070,M,5,0.45nm,13,4.147836106,uM,0.400141119,9.290728336
2018-05-26,KWAK_PP,2,PRUTH,NUT10071,M,10,0.45nm,13,6.852574772,uM,0.68219259,14.19131415
2018-05-26,KWAK_PP,2,PRUTH,NUT10072,M,20,0.45nm,13,13.59861656,uM,1.196253546,23.28478777
2018-05-26,KWAK_PP,2,PRUTH,NUT10073,M,30,0.45nm,13,18.18478727,uM,1.484210148,29.43396239
2018-05-26,KWAK_PP,2,PRUTH,NUT10074,M,50,0.45nm,13,20.12317772,uM,1.552110554,31.70250337
2018-05-26,KWAK_PP,2,PRUTH,NUT10075,M,60,0.45nm,13,20.39724382,uM,1.59200138,31.83106846
2018-05-29,QCS_V1,1,QCS01,NUT10028,M,0,0.45nm,13,1.362033179,uM,0.323182732,4.526163366
2018-05-29,QCS_V1,1,QCS01,NUT10029,M,5,0.45nm,13,1.332286959,uM,0.30007706,4.415842185
2018-05-29,QCS_V1,1,QCS01,NUT10030,M,10,0.45nm,13,1.010392916,uM,0.257907555,3.950160652
2018-05-29,QCS_V1,1,QCS01,NUT10031,M,20,0.45nm,13,2.543644497,uM,0.448546839,5.269294592
2018-05-29,QCS_V1,1,QCS01,NUT10032,M,30,0.45nm,13,2.849267031,uM,0.487647368,5.710850421
2018-05-29,QCS_V1,1,QCS01,NUT10033,M,50,0.45nm,13,12.4902395,uM,1.104654012,17.93799714
2018-05-29,QCS_V1,1,QCS01,NUT10034,M,100,0.45nm,13,28.18841415,uM,1.851995786,43.93351972
2018-05-29,QCS_V1,1,QCS01,NUT10035,M,115,0.45nm,13,33.35144772,uM,2.196958012,52.9251317
2018-05-29,QCS_V2,1,NBCH01,NUT10060,M,0,0.45nm,13,3.854540821,uM,0.511576364,8.889221376
2018-05-29,QCS_V2,2,WBCH01,NUT10065,M,0,0.45nm,13,1.254533838,uM,0.350271404,5.422251014
2018-05-29,QCS_V2,1,NBCH01,NUT10061,M,5,0.45nm,13,4.527778009,uM,0.528558307,9.513743396
2018-05-29,QCS_V2,2,WBCH01,NUT10066,M,5,0.45nm,13,2.901438924,uM,0.401282694,6.641155499
2018-05-29,QCS_V2,1,NBCH01,NUT10055,M,10,0.45nm,13,4.930243852,uM,0.555860922,9.784792583
2018-06-02,ROCKY,1,ROCKY02,NUT9706,M,0,0.45nm,13,0.104405708,uM,0.208447433,3.476208959
2018-06-02,ROCKY,1,ROCKY02,NUT9794,M,0,0.45nm,13,0.405019044,uM,0.342411955,9.149254864
2018-06-04,ROCKY,1,ROCKY05,NUT9793,M,0,0.45nm,13,1.764464102,uM,0.412281836,9.976501738
2018-06-14,ROCKY,1,ROCKY06,NUT9725,M,0,0.45nm,13,0.236867584,uM,0.348586984,3.204549295
2018-06-15,ROCKY,1,ROCKY03,NUT9728,M,0,0.45nm,13,0.428114632,uM,0.276885254,2.61468641
2018-06-16,ROCKY,1,ROCKY07,NUT9727,M,0,0.45nm,13,0.879259608,uM,0.64838068,10.39885562
2018-06-17,KWAK,1,PRUTH,NUT10400,M,0,0.45nm,13,0.091189253,uM,0.02106465,0.570708968
2018-06-17,KWAK,1,PRUTH,NUT10401,M,5,0.45nm,13,0.172097897,uM,0.076233728,2.259874622
2018-06-17,KWAK,1,PRUTH,NUT10402,M,10,0.45nm,13,2.57070741,uM,0.346059898,5.907634824
2018-06-17,KWAK,1,PRUTH,NUT10403,M,20,0.45nm,13,9.516872691,uM,0.965955416,16.42988291
2018-06-17,KWAK,1,PRUTH,NUT10404,M,30,0.45nm,13,13.23330812,uM,1.114406067,22.02158744
2018-06-17,KWAK,1,PRUTH,NUT10405,M,50,0.45nm,13,22.84912276,uM,1.731285989,36.25071773
2018-06-17,KWAK,1,PRUTH,NUT10406,M,60,0.45nm,13,23.60693644,uM,1.745323296,37.88496751
2018-06-22,QCS_V2,1,NBCH01,NUT10417,M,0,0.45nm,13,0.268389366,uM,0.206620999,3.105776922
2018-06-22,QCS_V2,1,WBCH01,NUT10422,M,0,0.45nm,13,0.153940031,uM,0.253758634,3.506620379
2018-06-22,QCS_V2,1,NBCH01,NUT10418,M,5,0.45nm,13,0.282619617,uM,0.200602271,3.458284896
2018-06-22,QCS_V2,1,WBCH01,NUT10423,M,5,0.45nm,13,0.661503865,uM,0.288862662,4.148657876
2018-06-22,QCS_V2,1,NBCH01,NUT10419,M,10,0.45nm,13,0.314185579,uM,0.225676835,3.78809577
2018-07-14,QCS_V1,2,QCS01,NUT10461,M,0,0.45nm,13,0.072504019,uM,0.004178948,0.538652423
2018-07-14,QCS_V1,2,QCS01,NUT10462,M,5,0.45nm,13,8.464137809,uM,0.710899792,14.87605454
2018-07-14,QCS_V1,2,QCS01,NUT10463,M,10,0.45nm,13,8.88907279,uM,0.770668991,14.43075703
2018-07-14,QCS_V1,2,QCS01,NUT10464,M,20,0.45nm,13,12.02041571,uM,1.058723234,18.32300597
2018-07-14,QCS_V1,2,QCS01,NUT10465,M,30,0.45nm,13,15.9987286,uM,1.299885371,23.99266425
2018-07-14,QCS_V1,2,QCS01,NUT10466,M,50,0.45nm,13,21.74703913,uM,1.539020133,32.68675882
2018-07-14,QCS_V1,2,QCS01,NUT10467,M,100,0.45nm,13,31.83397456,uM,2.044241533,50.30090464
2018-07-14,QCS_V1,2,QCS01,NUT10468,M,115,0.45nm,13,35.89416549,uM,2.464505289,62.76588553
2018-07-18,MACRO_MGEO;QCS_V2,1,WBCH01,NUT10524,M,0,0.45nm,13,0.130065881,uM,0.217524703,3.020125143
2018-07-18,MACRO_MGEO;QCS_V2,1,WBCH01,NUT10525,M,5,0.45nm,13,0.084002901,uM,0.228491096,3.024528452
2018-07-18,QCS_V2;MACRO_MGEO,1,NBCH01,NUT10519,M,0,0.45nm,13,4.674399025,uM,0.595823865,12.05159243
2018-07-18,QCS_V2;MACRO_MGEO,1,NBCH01,NUT10520,M,5,0.45nm,13,7.45184329,uM,0.784418474,15.22574745
2018-07-18,QCS_V2;MACRO_MGEO,1,NBCH01,NUT10521,M,10,0.45nm,13,9.890013452,uM,0.91411839,17.45999527
2018-07-20,KWAK,1,PRUTH,NUT10469,M,0,0.45nm,13,0.109026812,uM,0,0.112561641
2018-07-20,KWAK,1,PRUTH,NUT10470,M,5,0.45nm,13,0.017836655,uM,0.007378529,0.124396666
2018-07-20,KWAK,1,PRUTH,NUT10471,M,10,0.45nm,13,9.180796453,uM,0.745273859,11.65252475
2018-07-20,KWAK,1,PRUTH,NUT10472,M,20,0.45nm,13,19.03783207,uM,1.448599237,29.82697374
2018-07-20,KWAK,1,PRUTH,NUT10473,M,30,0.45nm,13,23.04790964,uM,1.685597046,37.73611758
2018-07-20,KWAK,1,PRUTH,NUT10500,M,50,0.45nm,13,28.4272508,uM,2.033788231,45.86303564
2018-07-20,KWAK,1,PRUTH,NUT10501,M,60,0.45nm,13,29.51724721,uM,2.166552394,48.50585573
2018-07-23,ROCKY,1,ROCKY04,NUT9704,M,0,0.45nm,13,1.574315412,uM,0.567675451,10.09606665
2018-07-25,ROCKY,1,ROCKY02,NUT9705,M,0,0.45nm,13,0.123673795,uM,0.498963685,6.209234808
2018-07-26,ROCKY,1,ROCKY05,NUT9721,M,0,0.45nm,13,5.618156034,uM,0.811698561,18.56682316
2018-08-11,ROCKY,1,ROCKY07,NUT9710,M,0,0.45nm,13,5.904092351,uM,0.970120985,17.5879954
2018-08-12,ROCKY,1,ROCKY03,NUT9702,M,0,0.45nm,13,1.814060833,uM,0.377485433,4.604574324
2018-08-13,ROCKY,1,ROCKY06,NUT9752,M,0,0.45nm,13,1.061103853,uM,0.602598813,8.970699002
2018-08-14,ROCKY,1,ROCKY02,NUT9747,M,0,0.45nm,13,1.50557099,uM,0.652542712,10.78569037
2018-08-15,ROCKY,1,ROCKY05,NUT9749,M,0,0.45nm,13,3.452504424,uM,0.363197812,7.578854351
2018-08-16,ROCKY,1,ROCKY04,NUT9750,M,0,0.45nm,13,9.382801981,uM,1.09660489,24.69736359
2018-08-24,KWAK,1,PRUTH,NUT10599,M,0,0.45nm,13,0.139513682,uM,0.030887976,0.244789482
2018-08-24,KWAK,1,PRUTH,NUT10600,M,5,0.45nm,13,3.187910447,uM,0.416495199,10.26365032
2018-08-24,KWAK,1,PRUTH,NUT10601,M,10,0.45nm,13,14.00465418,uM,1.213631844,25.59245101
2018-08-24,KWAK,1,PRUTH,NUT10602,M,20,0.45nm,13,20.75284323,uM,1.683962194,34.86192488
2018-08-24,KWAK,1,PRUTH,NUT10603,M,30,0.45nm,13,22.47602977,uM,1.783629395,36.92064589
2018-08-24,KWAK,1,PRUTH,NUT10604,M,50,0.45nm,13,29.0731197,uM,2.045721442,49.76995808
2018-08-24,KWAK,1,PRUTH,NUT10605,M,60,0.45nm,13,29.62320937,uM,2.239064364,51.35523668
2018-08-28,QCS_V1,2,QCS01,NUT10620,M,0,0.45nm,13,8.047785819,uM,0.657822518,14.74851874
2018-08-28,QCS_V1,2,QCS01,NUT10621,M,5,0.45nm,13,8.249059854,uM,0.683727357,14.69959362
2018-08-28,QCS_V1,2,QCS01,NUT10622,M,10,0.45nm,13,11.70971038,uM,1.016606902,18.71227681
2018-08-28,QCS_V1,2,QCS01,NUT10623,M,20,0.45nm,13,18.77193776,uM,1.53606345,28.99972897
2018-08-28,QCS_V1,2,QCS01,NUT10624,M,30,0.45nm,13,22.27528641,uM,1.729418244,33.42644665
2018-08-28,QCS_V1,2,QCS01,CM064,M,50,0.45nm,13,,,,
2018-08-28,QCS_V1,2,QCS01,NUT10626,M,100,0.45nm,13,33.27143588,uM,2.173953562,51.78048121
2018-08-28,QCS_V1,2,QCS01,NUT10627,M,115,0.45nm,13,35.01527022,uM,2.334401365,51.08825412
2018-08-29,QCS_V2,1,NBCH01,NUT10638,M,0,0.45nm,13,12.67192234,uM,1.164104949,20.90934073
2018-08-29,QCS_V2,1,WBCH01,NUT10643,M,0,0.45nm,13,6.826978292,uM,0.75686947,12.31668632
2018-08-29,QCS_V2,1,NBCH01,NUT10639,M,5,0.45nm,13,13.78846966,uM,1.256732752,22.8140905
2018-08-29,QCS_V2,1,WBCH01,NUT10644,M,5,0.45nm,13,7.251716205,uM,0.792742919,13.06081328
2018-08-29,QCS_V2,1,NBCH01,NUT10640,M,10,0.45nm,13,13.83575227,uM,1.255754141,22.86270794
2018-09-11,KWAK,1,PRUTH,NUT10625,M,0,0.45nm,13,7.621532716,uM,0.780514604,19.1085154
2018-09-11,KWAK,1,PRUTH,NUT10645,M,5,0.45nm,13,9.495358854,uM,0.968000603,20.61998311
2018-09-11,KWAK,1,PRUTH,NUT10646,M,10,0.45nm,13,10.73028721,uM,1.062696697,21.98570389
2018-09-11,KWAK,1,PRUTH,NUT10647,M,20,0.45nm,13,11.59525066,uM,1.122915053,22.95116438
2018-09-11,KWAK,1,PRUTH,NUT10648,M,30,0.45nm,13,12.44555965,uM,1.165114061,24.06812172
2018-09-11,KWAK,1,PRUTH,NUT10649,M,50,0.45nm,13,24.15391844,uM,1.95548083,42.89961349
2018-09-11,KWAK,1,PRUTH,NUT10650,M,60,0.45nm,13,26.61280364,uM,2.117014711,44.92404324
2018-09-11,ROCKY,1,ROCKY02,NUT9751,M,0,0.45nm,13,4.758570856,uM,0.735898899,12.47604122
2018-09-11,ROCKY,1,ROCKY07,NUT9799,M,0,0.45nm,13,5.343151097,uM,0.958847969,14.7121435
2018-09-12,ROCKY,1,ROCKY05,NUT9720,M,0,0.45nm,13,3.838815684,uM,0.59124606,11.67815544
2018-09-13,QCS_V1,1,QCS01,NUT10653,M,0,0.45nm,13,6.530262008,uM,0.671274081,15.5283536
2018-09-13,QCS_V1,1,QCS01,NUT10654,M,5,0.45nm,13,7.894096132,uM,0.759486345,16.14622623
2018-09-13,QCS_V1,1,QCS01,NUT10655,M,10,0.45nm,13,7.592030413,uM,0.735583926,14.58752621
2018-09-13,QCS_V1,1,QCS01,NUT10656,M,20,0.45nm,13,9.15261836,uM,0.849575523,15.16610093
2018-09-13,QCS_V1,1,QCS01,NUT10657,M,30,0.45nm,13,9.755953141,uM,0.963729762,16.86049672
2018-09-13,QCS_V1,1,QCS01,NUT10658,M,50,0.45nm,13,22.86099862,uM,1.841016263,36.64767544
2018-09-13,QCS_V1,1,QCS01,NUT10659,M,100,0.45nm,13,28.97217849,uM,2.179953284,47.87496047
2018-09-13,QCS_V1,1,QCS01,NUT10660,M,115,0.45nm,13,29.72691679,uM,2.278539201,47.3490336
2018-09-13,ROCKY,1,ROCKY03,NUT9715,M,0,0.45nm,13,6.824646359,uM,0.842718367,13.39179315
2018-09-13,ROCKY,1,ROCKY04,NUT9736,M,0,0.45nm,13,2.74359152,uM,0.616123522,5.701577395
2018-09-13,ROCKY,1,ROCKY06,NUT9746,M,0,0.45nm,13,5.979022097,uM,0.78179182,13.83148004
2018-09-17,QCS_V2,1,NBCH01,NUT10708,M,0,0.45nm,13,8.130755446,uM,0.828213235,21.51420309
2018-09-17,QCS_V2,1,WBCH01,NUT10713,M,0,0.45nm,13,7.567853551,uM,0.804954227,18.84746396
2018-09-17,QCS_V2,1,NBCH01,NUT10709,M,5,0.45nm,13,9.003206034,uM,0.906138356,21.25892461
2018-09-17,QCS_V2,1,WBCH01,NUT10714,M,5,0.45nm,13,7.177534387,uM,0.794913154,18.0898525
2018-09-17,QCS_V2,1,NBCH01,NUT10710,M,10,0.45nm,13,9.780033319,uM,0.955045758,21.23550108
2018-10-10,ROCKY,1,ROCKY02,NUT9745,M,0,0.45nm,13,18.30427708,uM,1.623969055,32.93655943
2018-10-11,ROCKY,1,ROCKY05,NUT9744,M,0,0.45nm,13,16.95660051,uM,1.562891862,35.50500542
2018-10-12,ROCKY,1,ROCKY04,NUT9743,M,0,0.45nm,13,11.03926833,uM,1.271222828,19.96997121
2018-10-25,KWAK,1,PRUTH,NUT10734,M,0,0.45nm,13,15.02566789,uM,1.294163644,30.08315536
2018-10-25,KWAK,1,PRUTH,NUT10735,M,5,0.45nm,13,16.2559139,uM,1.390245805,31.55325329
2018-10-25,KWAK,1,PRUTH,NUT10736,M,10,0.45nm,13,17.30896741,uM,1.43012057,32.44541705
2018-10-25,KWAK,1,PRUTH,NUT10737,M,20,0.45nm,13,19.61431914,uM,1.601643438,33.15539365
2018-10-25,KWAK,1,PRUTH,NUT10738,M,30,0.45nm,13,21.15222416,uM,1.589827399,35.06904732
2018-10-25,KWAK,1,PRUTH,NUT10739,M,50,0.45nm,13,23.51123994,uM,1.800105864,37.38653832
2018-10-25,KWAK,1,PRUTH,NUT10740,M,60,0.45nm,13,24.0007838,uM,1.920080212,39.52435235
2018-11-20,ROCKY,1,ROCKY05,NUT9742,M,0,0.45nm,13,11.67574359,uM,1.155498155,23.75895358
2018-11-21,ROCKY,1,ROCKY02,NUT9724,M,0,0.45nm,13,17.09553954,uM,1.501937185,29.61251568
2018-11-22,ROCKY,1,ROCKY07,NUT9722,M,0,0.45nm,13,19.75957935,uM,1.75923806,31.93418374
2018-11-22,ROCKY,1,ROCKY04,NUT9723,M,0,0.45nm,13,18.10687975,uM,1.439916248,28.67336182
2018-11-23,KWAK,1,PRUTH,NUT10751,M,0,0.45nm,13,18.27493686,uM,1.474505134,32.15595948
2018-11-23,KWAK,1,PRUTH,NUT10752,M,5,0.45nm,13,18.55364333,uM,1.499807589,32.27159512
2018-11-23,KWAK,1,PRUTH,NUT10753,M,10,0.45nm,13,19.19794945,uM,1.526121539,32.19941954
2018-11-23,KWAK,1,PRUTH,NUT10754,M,20,0.45nm,13,19.11346586,uM,1.578344838,31.58219385
2018-11-23,KWAK,1,PRUTH,NUT10755,M,30,0.45nm,13,19.34943738,uM,1.474786241,31.03484377
2018-11-23,KWAK,1,PRUTH,NUT10756,M,50,0.45nm,13,20.27201276,uM,1.649077131,31.88140205
2018-11-23,KWAK,1,PRUTH,NUT10757,M,60,0.45nm,13,20.24312788,uM,1.575712702,31.75587578
2018-11-23,ROCKY,1,ROCKY03,NUT9719,M,0,0.45nm,13,19.19403077,uM,1.562084822,31.76695852
2018-11-24,ROCKY,1,ROCKY06,NUT9716,M,0,0.45nm,13,14.99201522,uM,1.394947056,25.16411708
2019-01-20,ROCKY,1,ROCKY04,NUT9708,M,0,0.45nm,13,13.41195509,uM,1.19656038,21.90051268
2019-01-22,ROCKY,1,ROCKY02,NUT9748,M,0,0.45nm,13,13.73471702,uM,1.235899214,21.95382604
2019-01-23,KWAK,1,PRUTH,NUT10799,M,0,0.45nm,13,18.24780688,uM,1.504727517,32.24886507
2019-01-23,KWAK,1,PRUTH,NUT10800,M,5,0.45nm,13,18.079941,uM,1.396676638,31.00085745
2019-01-23,KWAK,1,PRUTH,NUT10801,M,10,0.45nm,13,17.81961479,uM,1.4538214,29.58667756
2019-01-23,KWAK,1,PRUTH,NUT10802,M,20,0.45nm,13,16.49948469,uM,1.343662522,28.15624798
2019-01-23,KWAK,1,PRUTH,NUT10803,M,30,0.45nm,13,16.16255986,uM,1.348785347,27.40313119
2019-01-23,KWAK,1,PRUTH,NUT10804,M,50,0.45nm,13,16.2919616,uM,1.318790406,27.4978646
2019-01-23,KWAK,1,PRUTH,NUT10805,M,60,0.45nm,13,16.28962527,uM,1.187611404,27.22483364
2019-01-24,ROCKY,1,ROCKY05,NUT9709,M,0,0.45nm,13,12.23932964,uM,1.187367762,21.46825294
2019-02-14,KWAK,2,PRUTH,NUT10829,M,0,0.45nm,13,18.45673109,uM,1.381504903,32.42676648
2019-02-14,KWAK,2,PRUTH,NUT10830,M,5,0.45nm,13,18.3775148,uM,1.512295912,32.10385881
2019-02-14,KWAK,2,PRUTH,NUT10831,M,10,0.45nm,13,19.97673028,uM,1.62814064,32.0919861
2019-02-14,KWAK,2,PRUTH,CM066,M,20,0.45nm,0,,,,
2019-02-14,KWAK,2,PRUTH,NUT10833,M,30,0.45nm,13,18.37939259,uM,1.501474038,31.74435926
2019-02-14,KWAK,2,PRUTH,NUT10834,M,50,0.45nm,13,18.7386568,uM,1.495558554,31.89540482
2019-02-14,KWAK,2,PRUTH,NUT10835,M,60,0.45nm,13,18.8737375,uM,1.551907237,32.73853699
2019-02-15,ROCKY,1,ROCKY05,NUT9714,M,0,0.45nm,13,18.71952975,uM,1.629503682,33.57858802
2019-02-16,ROCKY,1,ROCKY04,NUT9711,M,0,0.45nm,13,16.58214751,uM,1.498024314,29.80660779
2019-02-20,ROCKY,1,ROCKY02,NUT9712,M,0,0.45nm,13,13.76045084,uM,1.383138729,28.24541448
2019-02-20,ROCKY,1,ROCKY07,NUT9717,M,0,0.45nm,13,15.95006419,uM,1.547867206,30.15359945
2019-02-20,ROCKY,1,ROCKY03,NUT9718,M,0,0.45nm,13,9.599609453,uM,1.059746224,17.18207968
2019-02-21,ROCKY,1,ROCKY06,NUT9713,M,0,0.45nm,13,18.11595567,uM,1.539282552,32.09304236
2019-03-13,KWAK,2,PRUTH,NUT10824,M,0,0.45nm,13,15.88011837,uM,1.326869767,29.37976157
2019-03-13,KWAK,2,PRUTH,NUT10825,M,5,0.45nm,13,17.14511646,uM,1.44344455,30.85831299
2019-03-13,KWAK,2,PRUTH,NUT10826,M,10,0.45nm,13,17.69823091,uM,1.463393634,31.13405901
2019-03-13,KWAK,2,PRUTH,NUT10827,M,20,0.45nm,13,17.82725907,uM,1.480354816,31.18396691
2019-03-13,KWAK,2,PRUTH,NUT10828,M,30,0.45nm,13,18.49170071,uM,1.509350942,32.0432325
2019-03-13,KWAK,2,PRUTH,NUT10854,M,50,0.45nm,13,18.4851761,uM,1.533207461,31.95633988
2019-03-13,KWAK,3,PRUTH,NUT10855,M,60,0.45nm,13,18.70749375,uM,1.550170769,32.31069532
2019-03-23,ROCKY,1,ROCKY04,NUT10731,M,0,0.45nm,13,,,,
2019-03-24,ROCKY,1,ROCKY05,NUT10729,M,0,0.45nm,13,,,,
2019-04-16,KWAK,1,PRUTH,NUT10881,M,0,0.45nm,13,7.432308431,uM,0.819556057,11.37530461
2019-04-16,KWAK,1,PRUTH,NUT10882,M,5,0.45nm,13,9.761845819,uM,1.038617162,15.30758811
2019-04-16,KWAK,1,PRUTH,NUT10883,M,10,0.45nm,13,10.45634361,uM,1.11626975,16.34405736
2019-04-16,KWAK,1,PRUTH,NUT10884,M,20,0.45nm,13,10.63932349,uM,1.122224683,17.41135342
2019-04-16,KWAK,1,PRUTH,NUT10885,M,30,0.45nm,13,11.6111323,uM,1.231736915,19.78575128
2019-04-16,KWAK,1,PRUTH,NUT10886,M,50,0.45nm,13,12.30343643,uM,1.29541902,21.75315606
2019-04-16,KWAK,1,PRUTH,NUT10887,M,60,0.45nm,13,13.08770729,uM,1.357129173,23.70472801
2019-04-24,ROCKY,1,ROCKY04,NUT11820,M,0,0.45nm,14,,,,
2019-04-25,ROCKY,1,ROCKY05,NUT11821,M,0,0.45nm,14,,,,
2019-04-26,ROCKY,1,ROCKY02,NUT11822,M,0,0.45nm,13,,,,
2019-05-11,KWAK,1,PRUTH,NUT10888,M,0,0.45nm,13,2.559010191,uM,0.442579453,18.41404212
2019-05-11,KWAK,2,PRUTH,NUT10889,M,5,0.45nm,13,0.910296114,uM,0.191635873,9.201583928
2019-05-11,KWAK,1,PRUTH,NUT10890,M,10,0.45nm,13,13.52778283,uM,1.224962258,25.90218046
2019-05-11,KWAK,1,PRUTH,NUT10891,M,20,0.45nm,13,16.74270577,uM,1.503738368,27.51240632
2019-05-11,KWAK,1,PRUTH,NUT10892,M,30,0.45nm,13,18.3157161,uM,1.578710849,29.18549645
2019-05-11,KWAK,1,PRUTH,NUT10893,M,50,0.45nm,13,18.98160976,uM,1.616960061,30.96049916
2019-05-11,KWAK,1,PRUTH,NUT10894,M,60,0.45nm,13,20.4561435,uM,1.750099459,34.1925727
2019-05-13,QCS_V1,1,QCS01,NUT10741,M,0,0.45nm,13,0.118554447,uM,0.033095993,0.223521433
2019-05-13,QCS_V1,1,QCS01,NUT10742,M,5,0.45nm,13,0.025237335,uM,0.048111411,0.258195769
2019-05-13,QCS_V1,1,QCS01,NUT10743,M,10,0.45nm,13,0.169893926,uM,0.211507454,4.402470802
2019-05-13,QCS_V1,1,QCS01,NUT10744,M,20,0.45nm,13,12.65493579,uM,1.135007585,22.38137247
2019-05-13,QCS_V1,1,QCS01,NUT10745,M,30,0.45nm,13,15.36050081,uM,1.346680983,26.94985815
2019-05-13,QCS_V1,1,QCS01,NUT10746,M,50,0.45nm,13,15.66513505,uM,1.425014138,26.89168196
2019-05-13,QCS_V1,1,QCS01,NUT10747,M,100,0.45nm,13,24.47937506,uM,1.898873078,35.98529242
2019-05-13,QCS_V1,1,QCS01,NUT10748,M,115,0.45nm,13,29.67337567,uM,2.171847895,46.11827569
2019-05-15,QCS_V2,1,NBCH01,NUT10920,M,0,0.45nm,13,1.801467145,uM,0.378139197,6.087435517
2019-05-15,QCS_V2,1,WBCH01,NUT10923,M,0,0.45nm,13,0,uM,0.146842982,1.380369588
2019-05-15,QCS_V2,1,NBCH01,NUT10921,M,5,0.45nm,13,1.739212656,uM,0.354829482,6.2118455
2019-05-15,QCS_V2,1,WBCH01,NUT10924,M,5,0.45nm,13,0.880892007,uM,0.293439419,4.154829167
2019-05-15,QCS_V2,1,NBCH01,NUT10922,M,10,0.45nm,13,2.104869127,uM,0.389978129,6.802426033
2019-05-18,ROCKY,1,ROCKY02,NUT11826,M,0,0.45nm,14,,,,
2019-05-19,ROCKY,1,ROCKY05,NUT11824,M,0,0.45nm,14,,,,
2019-05-20,ROCKY,1,ROCKY04,NUT11825,M,0,0.45nm,14,,,,
2019-05-20,ROCKY,1,ROCKY03,NUT11829,M,0,0.45nm,14,,,,
2019-05-22,ROCKY,1,ROCKY07,NUT11828,M,0,0.45nm,14,,,,
2019-05-23,ROCKY,1,ROCKY06,NUT11827,M,0,0.45nm,14,,,,
2019-06-04,ROCKY,1,ROCKY02,NUT11831,M,0,0.45nm,13,,,,
2019-06-05,ROCKY,1,ROCKY05,NUT11832,M,0,0.45nm,13,,,,
2019-06-06,ROCKY,1,ROCKY04,NUT11833,M,0,0.45nm,13,,,,
2019-06-09,QCS_V1,2,QCS01,NUT10929,M,0,0.45nm,13,0,uM,0.146418856,1.55908641
2019-06-09,QCS_V1,2,QCS01,NUT10930,M,5,0.45nm,13,0,uM,0.181033746,1.619191629
2019-06-09,QCS_V1,2,QCS01,CM069,M,10,0.45nm,13,,,,
2019-06-09,QCS_V1,2,QCS01,CM070,M,20,0.45nm,13,,,,
2019-06-09,QCS_V1,2,QCS01,CM071,M,30,0.45nm,13,,,,
2019-06-09,QCS_V1,2,QCS01,CM072,M,50,0.45nm,13,,,,
2019-06-09,QCS_V1,2,QCS01,CM073,M,100,0.45nm,13,,,,
2019-06-09,QCS_V1,2,QCS01,CM074,M,115,0.45nm,13,,,,
2019-06-10,KWAK,3,PRUTH,NUT10955,M,0,0.45nm,13,0,uM,0.023752408,0.616006542
2019-06-10,KWAK,3,PRUTH,NUT10956,M,5,0.45nm,13,1.094849984,uM,0.190985326,4.870382998
2019-06-10,KWAK,3,PRUTH,NUT10957,M,10,0.45nm,13,5.758353279,uM,0.599562917,12.65329212
2019-06-10,KWAK,3,PRUTH,NUT10958,M,20,0.45nm,13,13.07059245,uM,1.225001113,25.38132785
2019-06-10,KWAK,3,PRUTH,NUT10959,M,30,0.45nm,13,18.89196718,uM,1.627023493,33.24022723
2019-06-10,KWAK,3,PRUTH,NUT10960,M,50,0.45nm,13,23.60225978,uM,1.977277188,40.56768076
2019-06-10,KWAK,3,PRUTH,NUT10961,M,60,0.45nm,13,25.1014248,uM,2.05356736,42.16956772
2019-06-15,ROCKY,1,ROCKY03,NUT11834,M,0,0.45nm,13,,,,
2019-06-16,ROCKY,1,ROCKY06,NUT11835,M,0,0.45nm,13,,,,
2019-06-17,ROCKY,1,ROCKY07,NUT11836,M,0,0.45nm,13,,,,
2019-06-21,ROCKY,1,ROCKY02,NUT11837,M,0,0.45nm,13,,,,
2019-06-22,ROCKY,1,ROCKY05,NUT11838,M,0,0.45nm,13,,,,
2019-06-23,ROCKY,1,ROCKY04,NUT11839,M,0,0.45nm,13,,,,
2019-07-07,QCS_V1,2,QCS01,NUT11028,M,0,0.45nm,13,0.072278736,uM,0.081894685,0.513502488
2019-07-07,QCS_V1,2,QCS01,NUT11029,M,5,0.45nm,13,1.442161085,uM,0.290601448,4.959411775
2019-07-07,QCS_V1,2,QCS01,NUT10931,M,10,0.45nm,13,3.73227993,uM,0.474268466,8.801342101
2019-07-07,QCS_V1,2,QCS01,NUT10932,M,20,0.45nm,13,8.71422052,uM,0.873577871,15.84640604
2019-07-07,QCS_V1,2,QCS01,NUT10933,M,30,0.45nm,13,9.73771326,uM,0.820593975,13.36785058
2019-07-07,QCS_V1,2,QCS01,NUT10934,M,50,0.45nm,13,18.15995777,uM,1.539231059,26.70875038
2019-07-07,QCS_V1,2,QCS01,NUT10935,M,100,0.45nm,13,28.46015223,uM,2.197858356,45.24419751
2019-07-07,QCS_V1,2,QCS01,NUT10936,M,115,0.45nm,13,31.25152969,uM,2.368334646,51.84470249
2019-07-08,MACRO_MGEO,2,NBCH01,NUT11006,M,0,0.45nm,13,0.620079795,uM,0.264456443,4.748455826
2019-07-08,MACRO_MGEO,2,WBCH01,NUT11008,M,0,0.45nm,13,0.157907721,uM,0.180522451,2.891729102
2019-07-08,MACRO_MGEO,2,NBCH01,NUT11007,M,5,0.45nm,13,1.076910436,uM,0.319316387,5.538283061
2019-07-08,MACRO_MGEO,2,WBCH01,NUT11009,M,5,0.45nm,13,0.391342472,uM,0.222419677,3.36991415
2019-07-08,MACRO_MGEO,2,NBCH01,NUT11034,M,10,0.45nm,13,2.911997406,uM,0.46795816,8.69494245
2019-07-16,ROCKY,1,ROCKY02,NUT11842,M,0,0.45nm,13,,,,
2019-07-17,ROCKY,1,ROCKY04,NUT11841,M,0,0.45nm,13,,,,
2019-07-18,ROCKY,1,ROCKY05,NUT11840,M,0,0.45nm,13,,,,
2019-08-03,KWAK,1,PRUTH,NUT11021,M,0,0.45nm,13,0.091529386,uM,0.048389313,1.818706478
2019-08-03,KWAK,1,PRUTH,NUT11022,M,5,0.45nm,13,4.854690927,uM,0.556253492,11.94420553
2019-08-03,KWAK,1,PRUTH,NUT11023,M,10,0.45nm,13,10.9767646,uM,1.12538105,20.79634042
2019-08-03,KWAK,1,PRUTH,NUT11024,M,20,0.45nm,13,14.94459953,uM,1.422023187,26.27001565
2019-08-03,KWAK,1,PRUTH,NUT11025,M,30,0.45nm,13,18.11995876,uM,1.615710541,29.91426793
2019-08-03,KWAK,1,PRUTH,NUT11026,M,50,0.45nm,13,22.34677909,uM,1.887443222,36.34504558
2019-08-03,KWAK,1,PRUTH,NUT11027,M,60,0.45nm,13,22.54993917,uM,1.932159842,38.187543
2019-08-06,QCS_V1,1,QCS01,NUT11037,M,0,0.45nm,13,2.874241239,uM,0.501736949,11.29571303
2019-08-06,QCS_V1,1,QCS01,NUT11038,M,5,0.45nm,13,3.728785244,uM,0.567584957,11.58052629
2019-08-06,QCS_V1,1,QCS01,NUT11039,M,10,0.45nm,13,6.060817115,uM,0.727301555,13.30713684
2019-08-06,QCS_V1,1,QCS01,NUT11040,M,20,0.45nm,13,4.515194859,uM,0.717487768,8.989890798
2019-08-06,QCS_V1,1,QCS01,NUT11041,M,30,0.45nm,13,10.92731162,uM,1.150170915,17.99163703
2019-08-06,QCS_V1,1,QCS01,NUT11042,M,50,0.45nm,13,14.84710121,uM,1.389005984,22.8319829
2019-08-06,QCS_V1,1,QCS01,NUT11043,M,100,0.45nm,13,25.86574453,uM,2.06900256,41.584465
2019-08-06,QCS_V1,1,QCS01,NUT11044,M,115,0.45nm,13,29.1840061,uM,2.255596991,46.30939987
2019-08-28,ROCKY,1,ROCKY06,NUT11843,M,0,0.45nm,13,,,,
2019-08-29,ROCKY,1,ROCKY03,NUT11845,M,0,0.45nm,13,,,,
2019-08-31,QCS_V1,1,QCS01,NUT11071,M,0,0.45nm,13,5.064167701,uM,0.612557654,15.85297801
2019-08-31,QCS_V1,1,QCS01,NUT11072,M,5,0.45nm,13,3.139294567,uM,0.540328509,12.88609408
2019-08-31,QCS_V1,1,QCS01,NUT11073,M,10,0.45nm,13,5.396940652,uM,0.672625483,14.29976134
2019-08-31,QCS_V1,1,QCS01,NUT11074,M,20,0.45nm,13,4.790865569,uM,0.704673276,12.30566696
2019-08-31,QCS_V1,1,QCS01,NUT11075,M,30,0.45nm,13,14.2551668,uM,1.307048639,22.09970472
2019-08-31,QCS_V1,1,QCS01,NUT11076,M,50,0.45nm,13,19.78773648,uM,1.676557739,29.8262748
2019-08-31,QCS_V1,1,QCS01,NUT11077,M,100,0.45nm,13,29.89921745,uM,2.369127104,51.56782989
2019-08-31,QCS_V1,1,QCS01,NUT11078,M,115,0.45nm,13,30.68488762,uM,2.414326521,52.90085374
2019-10-05,QCS_V1,1,QCS01,NUT11096,M,0,0.45nm,13,6.776814452,uM,0.75626781,14.2162844
2019-10-05,QCS_V1,1,QCS01,NUT11097,M,5,0.45nm,13,6.714485569,uM,0.762365529,14.19992597
2019-10-05,QCS_V1,1,QCS01,NUT11098,M,10,0.45nm,13,6.787128463,uM,0.748634288,14.15475082
2019-10-05,QCS_V1,1,QCS01,NUT11099,M,20,0.45nm,13,6.698361376,uM,0.772606534,14.0888278
2019-10-05,QCS_V1,1,QCS01,NUT11664,M,30,0.45nm,13,7.471163486,uM,0.794609638,14.52351585
2019-10-05,QCS_V1,1,QCS01,NUT11665,M,50,0.45nm,13,12.21387986,uM,1.125551386,19.57145378
2019-10-05,QCS_V1,1,QCS01,NUT11666,M,100,0.45nm,13,24.87715421,uM,1.978752564,42.72809421
2019-10-05,QCS_V1,1,QCS01,NUT11676,M,115,0.45nm,13,27.48197201,uM,2.164886658,48.73434153
2019-11-24,ROCKY,1,ROCKY07,NUT11848,M,0,0.45nm,14,,,,
2019-11-25,ROCKY,1,ROCKY06,NUT11850,M,0,0.45nm,13,,,,
2019-11-25,ROCKY,1,ROCKY05,NUT11851,M,0,0.45nm,14,,,,
2019-11-27,ROCKY,1,ROCKY03,NUT11849,M,0,0.45nm,14,,,,
2019-11-28,QCS_V1,1,QCS01,NUT10767,M,0,0.45nm,13,,,,
2019-11-28,QCS_V1,1,QCS01,NUT11795,M,5,0.45nm,13,,,,
2019-11-28,QCS_V1,1,QCS01,NUT11796,M,10,0.45nm,13,,,,
2019-11-28,QCS_V1,1,QCS01,NUT11797,M,20,0.45nm,13,,,,
2019-11-28,QCS_V1,1,QCS01,NUT11798,M,30,0.45nm,13,,,,
2019-11-28,QCS_V1,1,QCS01,NUT11799,M,50,0.45nm,13,,,,
2019-11-28,QCS_V1,1,QCS01,NUT11800,M,100,0.45nm,13,,,,
2019-11-28,QCS_V1,1,QCS01,NUT11801,M,115,0.45nm,13,,,,